Item,Title,Price,State,City
iphone 7,iPhone 7 Apple 32gb Sellado Libre + Original Gtia + Templado,30989.99,Capital Federal,Palermo Soho
iphone 7,iPhone 7 Plus 32gb Nuevos Libres Garantia Envios + Templado,44989.99,Capital Federal,Palermo Soho
iphone 7,iPhone 7 Plus Apple 128gb 4g 4k Sellado Garantia 1 Ano Envio,47989.99,Capital Federal,Palermo Soho
iphone 7,iPhone 7 Apple 128gb Sellado Original Gtia 1 Ano + Templado!,36989.99,Capital Federal,Palermo Soho
iphone 7,Apple iPhone 7 32gb Lte 4g 4.7 Liberados Fabrica Garantia,36499.0,Capital Federal,Caballito
iphone 7,iPhone 7 Apple 128gb Sellado + Original Garantia 1 Ano !!!,41498.0,Capital Federal,capital federal
iphone 7,iPhone 7 Apple 128gb Sellado Original + Garantia + Templado!,47989.99,Capital Federal,Palermo Soho
iphone 7,iPhone 7 Plus 32gb Apple Libre Local Rosario Garantia,35990.0,Santa Fe,Rosario
iphone 7,Apple iPhone 7 128gb Lte 4g 4.7 Liberados Fabrica Sellados,40990.0,Capital Federal,Caballito
iphone 7,Izalo: Apple iPhone 7 Plus 128gb Libres Con Garantia+ Local!,50999.0,Santa Fe,Rosario
iphone 7,iPhone 7 Plus 128 Gb Nuevos Caja Sellada Originales,45850.0,Capital Federal,Belgrano R
iphone 7,Celular iPhone 7 32gb 2gb Ram Ios Apple Lte 4g Cuotas,23999.0,Capital Federal,C.A.B.A.
iphone 7,Apple iPhone 7 Plus 32gb Lte 4g Liberados Fabrica Garantia,43999.0,Capital Federal,Caballito
iphone 7,Apple iPhone Plus 7 128gb 5.5' Retina 12mp 7mp 4k Sumergible,57379.99,Capital Federal,Las Canitas
iphone 7,Apple iPhone Plus 7 32gb 5.5' Retina 12mp 4k 7mp Stereo,50979.99,Capital Federal,Las Canitas
iphone 7,Apple iPhone 7 32gb 4.7' Retina 12mp 7mp 4k 2gb Sumergible,39879.99,Capital Federal,Las Canitas
iphone 7,iPhone 7 32gb Nuevo En Caja Sellado Con 12 Meses D Garantia,31999.0,Capital Federal,Monserrat
iphone 7,iPhone 7 Apple 32gb Sellado Libre + Original Garantia 1 Ano,34998.0,Capital Federal,capital federal
iphone 7,iPhone 7 32gb Nuevos Oportunidad Apple Usa Legitimos Cuotas,27499.0,Capital Federal,Puerto Madero
iphone 7,iPhone 7 Plus De 32gb Nuevo Libre Cn Gtia Envios!!,37300.0,Cordoba,Cordoba
iphone 7,iPhone 7 Apple 32gb Plus 5.5 4g 4k Sellado + Garantia 1 Ano,44799.0,Capital Federal,capital federal
iphone 7,iPhone 7 Apple 128gb Plus 4g 4k Sellado + Garantia 1 Ano!!,46998.0,Capital Federal,capital federal
iphone 7,iPhone 7 Plus 128gb Nuevos Sellados Promo Garantia Cuotas,68999.0,Capital Federal,Puerto Madero
iphone 7,Apple iPhone 7 Plus 256gb 5.5 12mp Liberados Gtia Templado!,49989.99,Capital Federal,Palermo Soho
iphone 7,Apple iPhone 7 32gb  12mpx Liberados + Combo Accesorios,27470.0,Misiones,San Javier
iphone 7,Apple iPhone 7 128gb 4.7' Retina 12mp 7mp 4k 2gb Sumergible,47179.99,Capital Federal,Las Canitas
iphone 7,Apple iPhone 7 Plus 32gb Dorado Y Negro Original Nuevos!,35999.0,Misiones,Posadas
iphone 7,Celular iPhone 7 128gb 2gb Ram 12mp 7mp Apple Oferta Cuotas,26999.99,Capital Federal,Belgrano
iphone 7,iPhone 7 - 128gb - A10 - 12 Mp / 4k - Retina Hd - 4.7 Rose,41999.99,Capital Federal,CAPITAL FEDERAL
iphone 7,iPhone 7 32gb 6 Cuotas Tarjetas! Apple Caja Cerrada Sellada,36490.0,Santa Fe,Rosario
iphone 7,iPhone 7-32gb -a10-12 Mp / 4k-retina Hd-4.7 Jet Black,36999.99,Capital Federal,CAPITAL FEDERAL
iphone 7,Apple iPhone 7 Plus 128gb Nuevos En Caja Sellados La Plata,45200.0,Buenos Aires,La Plata
iphone 7,iPhone 7 De 128gb Nuevo,19999.0,Capital Federal,Villa Devoto
iphone 7,Apple iPhone 7 128gb A10 4k Retina 12mp Libres En Stock Ya,29999.0,Capital Federal,MICRO CENTRO
iphone 7,Apple iPhone 7 32gb 4.7'  12mp - 7mp- 4k 2gb Originales ,36999.0,Capital Federal,Balvanera
iphone 7,iPhone 7 Plus 32gb Nuevos Libres Garantia Sellados Oferta,36900.0,Cordoba,Cordoba
iphone 7,Apple iPhone 7 32gb 4.7'  12mp - 7mp- 4k 2gb Sumergible,31000.0,Capital Federal,Balvanera
iphone 7,iPhone 7 32 Gb  (todos Los Colores) Nuevo Originales Sellado,36999.0,Capital Federal,Caballito
iphone 7,iPhone 7 Plus 32 Gb,11000.0,Buenos Aires,Caballito
iphone 7,iPhone 7 Plus 32gb Bueno Negro Liberado,25864.0,Capital Federal,Palermo
iphone 7,iPhone 7 - 128gb - En Cuotas!,29000.0,Capital Federal,Villa Ortuzar
iphone 7,"iPhone 5s Usado, Gris 16gb Cargador,fundas. No Permuto",7000.0,Capital Federal,San Nicolas
iphone 7,iPhone 7 Plus 32 Gb Ojo !! Consultarnos Stock ! Playsolution,34349.99,Capital Federal,Palermo
iphone 7,"Apple iPhone 7, Gsm Desbloqueado, 256 Gb - Plateado (certifi",21187.95,Buenos Aires,Avellaneda
iphone 7,iPhone 7 Plus 32gb No Liberado Rosa,14999.0,Capital Federal,Capital Federal
iphone 7,iPhone 7 128gb Varios Colores Apple Usados,25800.0,Capital Federal,Palermo
iphone 7,iPhone 7 Plus 128 Gb Rosa Funciona Ok Con Pantalla Rota,27990.0,Capital Federal,CABA
iphone 7,iPhone 7 32 Gb En Excelente Estado Liberado,13000.0,Capital Federal,Palermo
iphone 7,iPhone 7 32gb Muy Bueno Negro Liberado,19273.0,Capital Federal,Palermo
iphone 7,"iPhone 7 Plus, Jet Black 128gb",35900.0,Capital Federal,Balvanera
iphone 7,Apple iPhone 7 Plus 32gb Cuotas S/int! Sellado Gtia Oficial ,49590.0,Capital Federal,Nunez
iphone 7,Apple iPhone 7 Plus 32gb Orig Sellado Fact Garantia Oficial,40990.0,Capital Federal,Nunez
iphone 7,Apple iPhone 7 32gb Cuotas S/int! Sellado Fact Gtia Oficial,42390.0,Capital Federal,Nunez
iphone 7,iPhone 7 Plus 32 Gb Libre Nuevo Traido Usa Desbloqueado,32000.0,Buenos Aires,LomasdeZamora
iphone 7,iPhone 7 32gb Nuevos Liberados,23999.0,Capital Federal,Capital federal
iphone 7,Apple iPhone 7 128gb Cuotas S/int! Sellado Fact Gtia Oficial,45990.0,Capital Federal,Nunez
iphone 7,Apple iPhone 7 32gb Original Sellado Fact Garantia Oficial,34990.0,Capital Federal,NUNEZ
iphone 7,Apple iPhone 7 128 Gb  + Combo Accesorios,27670.0,Misiones,Posadas
iphone 7,Celular Liberado iPhone 7 256gb 2gb Ram  Ios 10 Original,41999.0,Capital Federal,C.A.B.A.
iphone 7,Apple iPhone 7 Plus 128gb Original Sellado Garantia Oficial,45990.0,Capital Federal,Nunez
iphone 7,Apple iPhone 7 Plus 128gb Cuotas S/int! Sellado Gtia Oficial,55690.0,Capital Federal,Nunez
iphone 7,iPhone 7 Plus 32 Gb Libre Nuevo Traido Usa Desbloqueado,32000.0,Buenos Aires,Lomas de Zamora
iphone 7,Apple iPhone 7 128gb Original Sellado Fact Garantia Oficial,37990.0,Capital Federal,Nunez
iphone 7,iPhone 7 Plus 128gb Nuevos Sellado Eeuu Oportunid Efv Libres,68499.0,Capital Federal,Puerto Madero
iphone 7,iPhone 7 Plus 128gb Gold Multimarcas Recoleta,39000.0,Chaco,Resistencia
iphone 7,Apple iPhone 7 128 Gb + Earpods I7s Y Combo Accesorios,39500.0,Misiones,Posadas
iphone 7,iPhone 7 Plus 32gb Nuevo Caja  Garantia 12m No Ofertar,44000.0,Buenos Aires,El Talar
iphone 7,iPhone 7 32g Lte Nuevo Sellado.-varios Colores,32800.0,Capital Federal,Flores
iphone 7,iPhone 7 32gb - Libre - 4k 12mp - 4g Lte Local A La Calle,29999.0,Capital Federal,San Nicolas
iphone 7,iPhone 7 Black Mate 128gb Nuevo En Caja Con Accesorios,17000.0,Buenos Aires,Moreno
iphone 7,iPhone 7 32gb,5500.0,Corrientes,Corrientes
iphone 7,iPhone 7 Plus 128gb Libre Con Caja Y Accesorios,35200.0,Buenos Aires,Tigre
iphone 7,iPhone 7 Plus 256 ,35000.0,Buenos Aires,Villa Maipu
iphone 7,iPhone 7 Plus 32 Gb Nuevos Caja Sellada Originales,45499.0,Capital Federal,Belgrano R
iphone 7,Nuevo Apple iPhone X 64gb Original Garantia 1 Ano,35000.0,Cordoba,Rio Cuarto
iphone 7,Test No Ofertar - Apple iPhone 7 32 Gb,23.0,Capital Federal,lugano
iphone 7,Vendo O Permuto iPhone 7 Por S8,16000.0,Buenos Aires,General San Martin
iphone 7,"iPhone 7 iPhone 8 Impermeable Caso [4,7 Pulgada ] Justcool D",2301.43,Buenos Aires,Avellaneda
iphone 7,iPhone 7 Black 128gb Error Baseband No Llamadas / Wi-fi,16478.97,Buenos Aires,Martinez
iphone 7,iPhone 7 Plus 128gb Con Caja Y Accesorios,35200.0,Buenos Aires,Tigre
iphone 7,iPhone 7 256gb Nuevo Caja Sellada Con Garantia Y Acceso,31900.0,Buenos Aires,Beccar
iphone 7,Apple iPhone 7 32 Gb A10 4k Retina 12mp Libres En Stock Ya,27999.0,Capital Federal,MICRO CENTRO
iphone 7,"Apple iPhone 7 Plus 32gb Sellados, 1 Ano Garantia Apple!",36999.0,Misiones,Posadas
iphone 7,"iPhone 7 Plus Rose Gold, No Funciona(solo P/repuestos)leer",15000.0,Capital Federal,BUENOS AIRES
iphone 7,iPhone 7 Plus 128 Gb Sin Caja,45995.04,Capital Federal,Belgrano
iphone 7,iPhone 7 Plus 128gb (c/garantia),24000.0,Misiones,Pto Iguazu
iphone 7,iPhone 7 Apple 32gb Libre Unlocked Refubrished Accesorios,24999.0,Buenos Aires,Merlo
iphone 7,Apple iPhone 7 Plus 32 Gb Libre Negro Rosa Dorado Plateado,39999.0,Buenos Aires,lanus oeste
iphone 7,iPhone 7 Plus 32 Gb Sellados  (negro) Nuevos Originales,70000.0,Capital Federal,Balvanera
iphone 7,iPhone 7 32gb-libre De Fabrica-garantia Oficial-,31000.0,Capital Federal,Puerto Madero
iphone 7,iPhone 7 Plus,27000.0,Capital Federal,CABA
iphone 7,Celular iPhone 7 256gb 2gb Ram 12mp 7mp Liberado Original ,42999.0,Capital Federal,Belgrano
iphone 7,iPhone 7 Plus 32 Gb Cuotas Sin Interes  (promo Negro),70000.0,Capital Federal,Balvanera
iphone 7,iPhone 7plus 128gb Solo Para Personal Impec  Koriaudio !!!,42500.0,Capital Federal,Velez Sarsfield
iphone 7,Celular iPhone 7 Plus Libre Reacondicionado  Rebaja ,33249.0,Cordoba,Cordoba
iphone 7,iPhone 7. Solo Para Wifi Y Datos. Leer Descripcion,5000.0,Buenos Aires,Bolivar
iphone 7,Apple iPhone 7 Plus Black 256gb Lte Libre Nuevo Caja Sellada,48500.0,Buenos Aires,Chascomus
iphone 7,iPhone 7 32gb,18000.0,Buenos Aires,Pergamino
iphone 7,iPhone 7 32gb Ni Una Marca! Liberado Vendedor 100% Calific +,21490.0,Buenos Aires,Pergamino
iphone 7,iPhone 7 32 Gb  Todos Los Colores Originales Sellados,67899.0,Capital Federal,Balvanera
iphone 7,iPhone 7,13500.0,Capital Federal,Caballito
iphone 7,Apple iPhone 7 Plus 256gb Cuotas S/int! Sellado Gtia Oficial,66590.0,Capital Federal,Nunez
iphone 7,iPhone 7 256gb Libre De Fabrica + Garantia Impecable,24980.0,Capital Federal,Recoleta
iphone 7,Apple iPhone 7 32gb Perfecto Estado Con Accesorios Originale,26989.99,Capital Federal,Palermo Soho
iphone 7,iPhone 7,13500.0,Santa Fe,santa fe
iphone 7,iPhone 7 32 Gb Consulta Colores  Cuotas Sin Interes,36999.0,Capital Federal,Balvanera
iphone 7,"iPhone 7 Plus 128gb Rojo Edicion Limitada Excelente , Unico",32500.0,Capital Federal,San Telmo
iphone 7,Vendo iPhone 7 Plus 256gb,21000.0,Misiones,Santa Ana
iphone 7,iPhone 7 Plus  32gb Apple Original Libre Garantia + Templado,34999.0,Capital Federal,Flores
iphone 7,iPhone 7 Apple 128gb Sellado Original 12mp Ios 10 Evotech,42649.0,Buenos Aires,Martinez
iphone 7,iPhone 8 64gb Permuto iPhone 7 8 Plus  Xs Max Xr,34000.0,Buenos Aires,florida
iphone 7,Celular iPhone 5s Apple 4g Lte Chip A7 64 Bits Id Touch 8mp,10799.0,Capital Federal,Belgrano
iphone 7,iPhone 7 Plus 128gb Apple Original Gold  Cargador Garantia,39999.0,Capital Federal,Flores
iphone 7,Apple iPhone 7 Plus 256gb Negro Mate - Cable Nuevo De Regalo,41125.0,Capital Federal,Puerto Madero
iphone 7,Celular Apple iPhone 7 32gb 4g Lte Sellado,34999.0,Capital Federal,Villa Devoto
iphone 7,Rosario Celular iPhone 7 Plus 128gb Nuevo Sellado Apple,60449.99,Santa Fe,Rosario
iphone 7,iPhone 7-32gb -a10-12 Mp / 4k-retina Hd-4.7 Rose Gold,36999.99,Capital Federal,CAPITAL FEDERAL
iphone 7,"iPhone 7 Mas Caso , Zizo [ Tornillo Serie ] W / Free [ Ipho",2538.33,Buenos Aires,Avellaneda
iphone 7,iPhone 7 256gb Black Mate Libre + Garantia,24980.0,Capital Federal,Recoleta
iphone 7,iPhone 7 Rosa Nuevo Nada De Uso  Mas iPhone 6 Plus,50000.0,Buenos Aires,Malvinas Argentinas
iphone 7,Celular Libre Apple iPhone 7 Plus Mnqq2le/a Rosa 32gb,59999.0,Capital Federal,Belgrano
iphone 7,iPhone 7 Plus 32 Gb Nuevo En Caja Sellada ,24899.0,Buenos Aires,Avellaneda
iphone 7,iPhone 7 Plus 128gb Gold,31900.0,Chaco,Resistencia
iphone 7,iPhone 7 Plus 32 Gb. Liberado.,19999.0,Buenos Aires,Chacabuco
iphone 7,iPhone 7 Mate Black 128 Gb Liberado. A Nuevo.,32199.0,Capital Federal,Belgrano
iphone 7,iPhone 7plus Black Mate 128 Gb,35000.0,Capital Federal,Belgrano
iphone 7,iPhone 7 Plus Usado No Funciona,10000.0,Capital Federal,caba
iphone 7,iPhone 7 Plus 256 Gb En Caja Y Accesorios Libre De Todo !,29999.0,Capital Federal,Almagro
iphone 7,iPhone Xr 6.1p Hd 128/3gb Ram 12/7 Mpx Face Id Dual Gtia Loc,60631.04,Capital Federal,Barracas
iphone 7,iPhone 7 Plus 128gb Pink Placa Rota,14000.0,Capital Federal,Buenos Aires
iphone 7,iPhone 7 Plus 32 Gb Nuevos Originales Sellados  Negro,70000.0,Capital Federal,Balvanera
iphone 7,iPhone 7 Plus 32gb Nuevo Caja Sellada - Somos  Impo.stock ,35490.0,Capital Federal,Belgrano
iphone 7,Apple iPhone 7 Plus,25000.0,La Rioja,Famatina
iphone 7,Izalo: Apple iPhone 7 Plus 128gb Libres Con Garantia+ Local!,42999.0,Santa Fe,Rosario
iphone 7,Apple iPhone 7 128gb Lte 4g 4.7 Liberado 6 M De Uso,24900.0,Buenos Aires,Vicente Lopez
iphone 7,Celular iPhone 7 Plus - 5.5 Pulgadas -  32 Gb - Liberado - R,42578.24,Buenos Aires,Avellaneda
iphone 7,iPhone 7 32 Gb Nuevo En Caja Sellado Recibo  Gtia De 1 Ano,38999.0,Capital Federal,Almagro
iphone 7,iPhone 7 Plus 128 Gb Nuevo Caja Sellada -  Impo.stock ,39990.0,Capital Federal,Belgrano
iphone 7,"iPhone 8 Plus 256gb Gold /silver 5,5 Liberado",55000.0,Buenos Aires,Lanus
iphone 7,iPhone 7 Plus 32 Gb (no Permuto) (leer),21000.0,Buenos Aires,bernal
iphone 7,iPhone 7 Plus 32gb Apple 6 Cuotas Fijas..!! Libre Rosario ,42490.0,Santa Fe,Rosario
iphone 7,iPhone 7 Plus 128gb Negro Mate Liberado C/funda!,28950.0,Buenos Aires,San Isidro
iphone 7,iPhone 7 Plus 32gb Liberado,1500.0,Capital Federal,Almagro
iphone 7,iPhone 7 128gb Jet Black + Accesorios Originales,25800.0,Buenos Aires,Longchamps
iphone 7,iPhone 7 32gb Apple Caja Cerrada Sellada Local Garantia,30490.0,Santa Fe,Rosario
iphone 7,iPhone 7 Plus Gris Plata,26000.0,Capital Federal,Palermo
iphone 7,iPhone 7 Plus Silver 32gb - Youtube Premium - Impecable.,29900.0,Entre Rios,Parana
iphone 7,iPhone 7 Plus 32/2gb Ram 5.5phd 12/7mpx Ios12 Garantia Local,41847.99,Capital Federal,Barracas
iphone 7,iPhone 7 Plus 256 Gb Negro Mate,31500.0,Capital Federal,San Nicolas
iphone 7,Celular Liberado Apple iPhone 7 128gb Con Caja Impecable,25000.0,Capital Federal,Palermo
iphone 8,iPhone 8 Apple 64gb Plus 4g 4k Sellado Garantia 1 Ano!,52499.0,Capital Federal,capital federal
iphone 8,iPhone 8 Apple 64gb 4g 4k Sellado - Factura A- B- Gtia 1 Ano,46548.1,Capital Federal,capital federal
iphone 8,iPhone 8 Apple 256gb 4g 4k Sellado Garantia 1 Ano!!,54999.0,Capital Federal,capital federal
iphone 8,Apple iPhone 8 Plus 64gb Edicion Limitada Red Rojo A11 4g,61879.99,Capital Federal,Las Canitas
iphone 8,iPhone 8 Apple 256gb Plus 4g 4k Sellado + Garantia 1 Ano!!,63799.0,Capital Federal,capital federal
iphone 8,iPhone 8 64gb Libre 4k Sellados + Vidrio Templado,44650.0,Capital Federal,CABA
iphone 8,iPhone 8 64 Gb Nuevos Ojo !! Consultarnos Stock Playsolution,34499.99,Capital Federal,Palermo
iphone 8,Apple iPhone 8 64gb 4g 4k Nuevo Sellado Garantia + Templado,45889.99,Capital Federal,Palermo Soho
iphone 8,iPhone 8 Plus 64gb 4g 4k Apple Caja Sellada Garantia,52000.0,Buenos Aires,Benavidez
iphone 8,Nuevo Apple iPhone 8 Plus 256gb Libres Con Garantia!,64450.0,Capital Federal,microcentro
iphone 8,iPhone 8 64gb Apple Libre Local Rosario Garantia Caja Cerrad,39990.0,Santa Fe,Rosario
iphone 8,Apple iPhone 8 Plus 64gb Hexacore 3gb Ram A11 Bionic Stock,61879.99,Capital Federal,Las Canitas
iphone 8,Apple iPhone 8 Plus 64gb 4g Lte 4k Liberados Sellados Envio,52499.0,Capital Federal,Caballito
iphone 8,iPhone 8 64gb Libre 4k Sellados+vidrio Temp Cuotas S/interes,53650.0,Capital Federal,CABA
iphone 8,iPhone 8 Plus 64 Gb Ojo !!! Consultarnos Stock Playsolution,39999.99,Capital Federal,Palermo
iphone 8,Apple iPhone 8 Plus De 64 Gb Caja Sellada Libre Garantia,60500.0,Capital Federal,Belgrano R
iphone 8,"8 Plus 64 Gb Usado, Excelente .",41000.0,Capital Federal,Villa Devoto
iphone 8,Apple iPhone 8 Plus 256gb Edicion Limitada Red Rojo A11 4g,75279.99,Capital Federal,Las Canitas
iphone 8,Apple iPhone 8 Plus 256gb Hexacore 3gb Ram A11 Bionic Stock,75279.99,Capital Federal,Las Canitas
iphone 8,iPhone 8 Apple 64gb 4g 4k Red Rojo + Entrega  Garantia 1 Ano,48999.0,Capital Federal,capital federal
iphone 8,"iPhone 8 64 Gb, Caja Sellada, Libre De Fabrica, 6 Cuotas!",46998.0,Capital Federal,Villa Crespo
iphone 8,iPhone 8 256gb - Garantia Apple 2020 4g - Como Nuevo Cuotas,48215.51,Capital Federal,Puerto Madero
iphone 8,"iPhone 8 Plus, Supcase Unicorn Beetle Series Premium Hibrido",43008.73,Buenos Aires,Avellaneda
iphone 8,iPhone 8 256gb - Garantia Apple 2020 - 4g Lte - Cable Regalo,40388.22,Capital Federal,Puerto Madero
iphone 8,Apple iPhone 8 64gb Libre - Local A La Calle,43999.0,Capital Federal,San Nicolas
iphone 8,iPhone 8 64gb Nuevo En Caja Sellada,38499.0,Capital Federal,Villa Crespo
iphone 8,iPhone 8 Plus 64 Gb Caja Sellada Originales,51999.0,Capital Federal,Belgrano R
iphone 8,iPhone 8 Plus 64gb Nuevos Sellados Cuotas Gtia Oportunidad !,69499.0,Capital Federal,Puerto Madero
iphone 8,iPhone 8 256gb Libre 4k Sellados C/ Sin Interes + Funda Orig,54890.0,Capital Federal,CABA
iphone 8,iPhone 8 64gb Apple 6 Cuotas!! Libre Local 6 Cuotas Sin Inte,47490.0,Santa Fe,Rosario
iphone 8,iPhone 8 256 Gb Nuevo Ojo !! Consultarnos Stock Playsolution,41999.99,Capital Federal,Palermo
iphone 8,iPhone 8 Plus 64 Gb 5.5 Inch A 11x -3gb Ram Nuevo,58799.99,Capital Federal,CAPITAL FEDERAL
iphone 8,Apple iPhone 8 Plus 256 Gb Space Gray Traido De Usa Detalle!,44900.0,Capital Federal,Flores
iphone 8,iPhone 8 64gb - Nuevos Sellados - Garantia Oficial Apple,48000.0,Capital Federal,Caballito
iphone 8,Apple iPhone 8 Plus 64gb Nuevo Leer Descripcion Zona Norte,41399.0,Buenos Aires,Olivos
iphone 8,"iPhone 8 Plus De 64 Gb Nuevo En Caja Sellada, 6 Cuotas!",57999.0,Capital Federal,Villa Crespo
iphone 8,iPhone 8 Plus 256gb Con Todos Los Accesorios Nuevos oferta!,45000.0,Capital Federal,Flores
iphone 8,iPhone 8 Plus 64 Gb,35000.0,Capital Federal,Belgrano
iphone 8,iPhone X 64gb Como Nuevo Permuto iPhone 8 Plus Xs Max Xr,45999.0,Capital Federal,Villa Devoto
iphone 8,iPhone 8 64 Gb Nuevos Ojo !! Consultarnos Stock Playsolution,34499.99,Capital Federal,Palermo
iphone 8,iPhone 8 Plus 64gb  4g 4k Nuevo Sellado + Funda,53127.75,Capital Federal,Capital Federal
iphone 8,Apple iPhone 8 Plus 64gb 3gb 12mp Lte 4g Original Liberado,52870.0,Capital Federal,Microcentro
iphone 8,Apple iPhone 8 256gb Entrega Inm Gtia 1 Ano _1,55341.0,Capital Federal,Belgrano
iphone 8,Rosario Celular iPhone 8 Plus 64gb  Nuevo Apple,62769.99,Santa Fe,Rosario
iphone 8,iPhone 8 Apple 64gb 4g 4k Sellado Gtia Oficial 1 Ano,44990.0,Buenos Aires,LANUS
iphone 8,I Phone 8 Plus Rose Gold,40000.0,Capital Federal,Caballito
iphone 8,Vendo O Permuto iPhone 8 Black En Caja 64 Gb Poco Uso,38000.0,Capital Federal,Caballito norte
iphone 8,"iPhone 7 iPhone 8 Impermeable Caso [4,7 Pulgada ] Justcool D",2301.43,Buenos Aires,Avellaneda
iphone 8,Apple iPhone 8 Plus 64gb + Templado Y Funda Con Garantia!,54490.0,Capital Federal,microcentro
iphone 8,Apple iPhone 8 Plus 256 Gb Space Gray Traido De Usa Detalle!,49574.69,Capital Federal,Flores
iphone 8,Apple iPhone 8 Plus 64gb 4g 4k Nuevo Sellado Gtia Templado ,48989.99,Capital Federal,Palermo Soho
iphone 8,iPhone 8 Plus 64gb Apple Paga En 6 Cuotas Fijas!!,59990.0,Santa Fe,Rosario
iphone 8,Apple iPhone 8 64gb Cuotas S/int! Sellado Fact Gtia Oficial,54490.0,Capital Federal,Nunez
iphone 8,Apple iPhone 8 Plus 64gb Cuotas S/int! Sellado Gtia Oficial,59290.0,Capital Federal,Nunez
iphone 8,Apple iPhone 8 Plus 256gb Original Sellado Garantia Oficial,56990.0,Capital Federal,Nunez
iphone 8,Apple iPhone 8 Plus 256,18500.0,Cordoba,Cordoba
iphone 8,Apple iPhone 8 Plus 64gb Orig Sellado Fact Garantia Oficial,48990.0,Capital Federal,Nunez
iphone 8,iPhone 8 Plus 64gb Nuevos Sellados Garantia 12 Cuotas !,69999.0,Capital Federal,Puerto Madero
iphone 8,iPhone 8 Apple 64gb 4g 4k Sellado - Factura A- B- Gtia 1 Ano,43999.0,Capital Federal,Villa Urquiza
iphone 8,iPhone 8 Plus 64gb - Nuevos + Garantia,57990.0,Cordoba,EMPALME FCBM
iphone 8,iPhone 8 Plus 64gb 4g 4k Nuevo Sellado + Garantia 1 Ano,34000.0,Rio Negro,Viedma
iphone 8,iPhone 8 / 8 Plus 64 / 256 Gb Directo De Miami,28000.0,Capital Federal,Microcentro
iphone 8,"Celular Apple iPhone 8 Plus 256gb Sellado 4k 5,5  Libre Fabr",64123.0,Santa Fe,Rosario
iphone 8,iPhone 8 Plus 64gb Libre 4g Lte Gtia Apple Cuotas S/i,52099.0,Capital Federal,San Nicolas
iphone 8,iPhone 8,25000.0,Cordoba,cordoba
iphone 8,iPhone 8 Appel 256 Gb Plus Space Gray Traido De Usa Detalle!,45900.0,Capital Federal,Flores
iphone 8,iPhone 8 Plus Gold Rose Permuto,40200.0,Capital Federal,capital federal
iphone 8,iPhone 8 ,21900.0,Buenos Aires,Moreno
iphone 8,iPhone 8 Plus 256gb Silver Liberado Impecable + Accesorios,49999.99,Capital Federal,CABA
iphone 8,"iPhone 8 Plus 256gb  4g 4k Nuevo Sellado, Con Garantia",62838.75,Capital Federal,Capital Federal
iphone 8,iPhone 8 Apple 64gb Plus 4g 4k  Red Rojo  + Garantia 1 Ano!,54999.0,Capital Federal,capital federal
iphone 8,iPhone 8 Plus 64gb Libre Nuevo En Caja Cerrada,55990.0,Capital Federal,San Nicolas
iphone 8,iPhone 8 Plus 64gb Nuevos Y Libres,26999.0,Buenos Aires,Avellaneda
iphone 8,iPhone 8 Gold Rosa 64gb Liberado Con Cargador Funda Y Vidrio,29800.0,Buenos Aires,Ramos Mejia
iphone 8,iPhone 8 Plus 64 Gb Sellado Entrega Inmediata,36999.0,Capital Federal,Microcentro
iphone 8,iPhone 8 Plus 256gb En Caja Sellada Garantia Oficial,28999.0,Buenos Aires,Avellaneda
iphone 8,iPhone 8 64gb Permuto iPhone 7 8 Plus  Xs Max Xr,34000.0,Buenos Aires,florida
iphone 8,"iPhone 8 Plus 64gb - Negro Como Nuevo, 6 Cuotas Sin Interes",47000.0,Cordoba,Cordoba
iphone 8,iPhone 8 Plus 64gb Apple Libre Local Rosario Garantia,49990.0,Santa Fe,Rosario
iphone 8,iPhone 8 Plus Plata 64 Gb  Liberado Con Todos Los Accesorios,42000.0,Buenos Aires,Bernal
iphone 8,Rosario Celular iPhone 8 64gb Sellado Nuevo Apple,55799.99,Santa Fe,Rosario
iphone 8,iPhone 8 64g  En Caja Sellada!! El Mejor Precio En Descri,39996.0,Capital Federal,CAPITALFEDERAL
iphone 8,iPhone 8 Plus Apple Red 64 Gb Rojo Entrega Inmediata!,46000.0,Capital Federal,Congreso
iphone 8,iPhone 8 Plus 64gb Excelente Estado!!,35000.0,Capital Federal,Caballito
iphone 8,Telefono iPhone 8 Plus 64gb Impecable,50000.0,Buenos Aires,Fcio Varela
iphone 8,iPhone 8 Appel 256 Gb Plus Space Gray Traido De Usa Detalle!,48552.7,Capital Federal,Flores
iphone 8,iPhone 8 Plus 64gb 4g4k Apple Envio Garantia Silver,52000.0,Buenos Aires,Benavidez
iphone 8,Nuevo Apple iPhone 8 64gb Sellados Liberados  Garantia,44790.0,Capital Federal,microcentro
iphone 8,Apple iPhone 8 Plus 256gb En Perfecto Estado (nunca Abierto),44999.0,Capital Federal,Palermo
iphone 8,iPhone 8 Space Gray 64gb Sellado Gtia Consultar Descuento,42500.0,Buenos Aires,Quilmes
iphone 8,Apple iPhone 8 Plus 256gb 4g Lte 4k Liberados Sellados Envio,59499.0,Capital Federal,Caballito
iphone 8,iPhone 8 64gb Libre Totalmente Impecable.,31999.0,Capital Federal,VILLA CRESPO
iphone 8,"iPhone 8 Plus 256 Gb Gold, Impecable!",45000.0,Capital Federal,Palermo
iphone 8,iPhone 8 Plus 64gb V/colores Nuevos Caja Sellada Promo Ef.!!,46999.0,Buenos Aires,Avellaneda
iphone 8,iPhone 8 Plus Negro 256gb Nuevo Con Caja Cerrada,59999.0,Buenos Aires,Chivilcoy
iphone 8,Nuevo Apple iPhone 8 256gb Con Garantia!,55990.0,Capital Federal,microcentro
iphone 8,Leer.  iPhone 8 Plus 64gb Space Gray,36000.0,Buenos Aires,Merlo
iphone 8,iPhone 8 Space Gray 64 Gb,49000.0,Capital Federal,Barrio Norte
iphone 8,Apple iPhone 8 Plus 64gb Con Garantia!,52399.0,Capital Federal,San Nicolas
iphone 8,iPhone 8 Plus 64 Libre.,25000.0,Buenos Aires,Villa Gesell
iphone 8,"iPhone 8 Plus 256gb Gold /silver 5,5 Liberado",55000.0,Buenos Aires,Lanus
iphone 8,"iPhone 8 Plus 64 Gb, Nuevo En Caja Sellada",49999.0,Capital Federal,Villa Crespo
iphone 8,iPhone 8 Plus 64gb + Carcasa + Vidrio + Envio Sin Cargo,43000.0,Buenos Aires,San Isidro
iphone 8,iPhone 8 Plus 64gb 100% Liberados Entrega Hoy Garantia Factu,65999.0,Capital Federal,Almagro
iphone 8,iPhone 8 Plus 256 Gb,39750.0,Capital Federal,Capital federal
iphone 8,iPhone 8 Apple 64gb Plus 4g 4k Sellado + Garantia 1 Ano,52899.0,Capital Federal,San Nicolas
iphone 8,Celular iPhone 8 Plus 64gb Color Rojo Hyt Electronics,42000.0,Capital Federal,Caballito
iphone 8,iPhone 8 Plus Apple Silver 64 Gb Blanco Entrega Inmediata!,46000.0,Capital Federal,Buenos aires
iphone 8,iPhone 8 Plus64gb Sellado Garant Ofc No Comprar S Consultar!,36900.0,Buenos Aires,Moron
iphone 8,iPhone 8 Plus 256gb Black Nuevo Entrega Hoy Garantia Factura,69999.0,Capital Federal,Almagro
iphone 8,iPhone 8 Plus 256 Gb Rose Gold ,44990.0,Capital Federal,Recoleta
iphone 8,Apple iPhone 8 64gb Nuevo V/colores Caja Sellada!!,40999.0,Buenos Aires,Avellaneda
iphone 8,iPhone 8 Black 64 Gb En Caja+cargador+fundas+auricular ,30000.0,Buenos Aires,Jose C. Paz
iphone 8,Celular Apple iPhone 8 Plus 64gb Libre Colores,51999.0,Capital Federal,San Nicolas
iphone 8,iPhone 8 Plus 256gb Apple - Libre - Local A La Calle,59999.0,Capital Federal,San Nicolas
iphone 8,Apple iPhone 8 Plus  64gb - Libre Sellado Nuevo! _1,55375.0,Santa Fe,Rosario
iphone 8,iPhone 8 Plus 64 Gb Stock Negro 100% Calificacion Envios,62999.0,Capital Federal,Liniers
iphone 8,iPhone 8 Plus 64gb Liberado Excelente,43000.0,Buenos Aires,Mar del Plata
iphone 8,iPhone 8 Plus  256 Como Nuevo !!!,45000.0,Capital Federal,Villa Urquiza
iphone 8,iPhone 8 64 Gb Nuevo!!! Local!!!,37999.0,Buenos Aires,Lomas de Zamora
iphone 8,iPhone 8 Plus Negro  64gb Nuevo Con Caja Cerrada,52000.0,Buenos Aires,Chivilcoy
iphone 8,Apple iPhone 8 64gb Ios11 Hexacore 2gb Ram A11 Bionic Stock,55879.99,Capital Federal,Las Canitas
iphone 8,iPhone 8 Plus Apple 256gb 4g 4k Sellado - Fac A- B- Gtia 12m,61999.0,Capital Federal,Villa Urquiza
iphone 8,iPhone 8 Plus 256gb Silver Liberado Impecable + Accesorios,49499.99,Buenos Aires,Del Viso
iphone 8,Apple iPhone 8 Plus 256gb Libres Garantia Factura + Templado,56989.99,Capital Federal,Palermo Soho
iphone 8,iPhone 8 Space Gray 64gb Sellado Consultar Descuento - Cuota,50999.0,Buenos Aires,Quilmes
iphone 8,Apple iPhone 8 Plus - Red -64gb,49750.0,Capital Federal,Coghlan
iphone 8,Apple iPhone 8 Plus 64gb 3 Gb Dual Camara Cuotas Oferta,60999.0,Capital Federal,C.A.B.A.
iphone 8,iPhone 8 256gb Con Garantia Y Factura A/b,55299.0,Capital Federal,San Nicolas
iphone 8,iPhone 8 Apple 256 Gb Gris Espacial Liberado No Envio,41000.0,Buenos Aires,Paso Del Rey
iphone 8,Rosario iPhone 8 Plus 64gb Nuevos Liberados,50753.0,Santa Fe,Rosario
iphone 8,iPhone 8 Plus 256 Gb Nuevo Caja Sellada,56999.0,Capital Federal,Villa Crespo
iphone 8,Celular iPhone 8 Plus 64gb 2gb Ram Liberado Apple Original ,50999.99,Capital Federal,Belgrano
iphone 8,Celular Apple iPhone 8 Plus 64gb 3gb Ram Liberado Original,50999.99,Capital Federal,Belgrano
iphone 8,iPhone 8 Plus 64gb Apple Sellado Envio Gratis Garantia,64995.0,Buenos Aires,Benavidez
iphone 8,Apple iPhone 8 Plus 64gb 3 Gb Dual Camara Liberado ,50999.0,Capital Federal,C.A.B.A.
iphone 8,iPhone 8 64gb 6 Cuotas Sin Interes!,73726.0,Capital Federal,Canitas
iphone 8,iPhone 8 64gb,67899.0,Capital Federal,Canitas
iphone 8,Apple iPhone 8 256gb 4.7' Hexacore 2gb Ram A11 Bionic Stock,66979.99,Capital Federal,Las Canitas
iphone 8,iPhone 8 Plus De 64gb Oferta,42200.0,Cordoba,Cordoba
iphone 8,Apple iPhone 8 64gb Entrega Inm Gtia 1 Ano,57205.0,Capital Federal,Belgrano
iphone 8,iPhone 8 64gb Video 4k Liberado Apple 12 Cuotas Sin Interes,57900.0,Capital Federal,Recoleta
iphone 8,"iPhone X 64 Gb, Caja/accesorios, Factura, Permuta X iPhone 8",50900.0,Buenos Aires,Country club Loma verde Escobar
iphone 8,Excelente iPhone 8 256gb Lte Goldrose Libre Permutas,27999.0,Buenos Aires,Buenos aires
iphone 8,iPhone 8 Plus 64 (leer),33490.0,Buenos Aires,Billinghurst
iphone 8,Sale! iPhone 8 64gb Orig Sellado Fact Gtia Oficial Anual,39990.0,Capital Federal,Nunez
iphone 8,iPhone 8 Space Gray 256 Gb Impecable,42900.0,Capital Federal,San Nicolas
iphone 8,iPhone 8 Plus Ultimo Precio,35500.0,Buenos Aires,3DE FEBRERO
iphone 8,iPhone 8 Blanco De 256 Gb Con Protector Y Accesorios,38000.0,Buenos Aires,Vicente Lopez
iphone 8,iPhone 8 Plus Apple 64gb 4g Lte Sellado Garantia Black Negro,53499.0,Capital Federal,Recoleta
iphone x,Nuevo Apple iPhone X 64gb Original Garantia 1 Ano !!,59998.0,Capital Federal,capital federal
iphone x,Apple iPhone X 64gb 5.8' Space Gray Silver Face Id Palermo,66979.99,Capital Federal,Las Canitas
iphone x,Apple iPhone  X 256gb 5.8  Nuevo Modelo Factura A O B !!,69988.0,Capital Federal,capital federal
iphone x,"iPhone X 5,8 10 64gb Con Garantia Y Factura + Envio!",60191.01,Capital Federal,microcentro
iphone x,Apple iPhone X 256gb Face Id Oled Lte 4g Sellados Garantia,68999.0,Capital Federal,Caballito
iphone x,Apple iPhone X 64 Gb Caja Sellada Libres De Fabrica Garantia,59999.0,Capital Federal,Belgrano R
iphone x,Apple iPhone X 256gb 5.8' 3g 4g Space Gray Silver Palermo,79479.99,Capital Federal,Las Canitas
iphone x,iPhone X 64gb Nuevo Sellado En Caja Con Garantia Apple.,62999.0,Capital Federal,Monserrat
iphone x,Apple iPhone X 64gb 5.8' Face Id Oled Garantia 15% Off ,65999.99,Capital Federal,CAPITAL FEDERAL
iphone x,"iPhone X 5,8 10 256gb Con Garantia Y Factura + Envio",70289.01,Capital Federal,microcentro
iphone x,Apple iPhone X 256gb Face Id Oled  Envios + Templado Regalo,69889.99,Capital Federal,Palermo Soho
iphone x,iPhone Xs 512gb Con Garantia Y Factura + Envio!,97902.19,Capital Federal,microcentro
iphone x,iPhone X 64gb Como Nuevo Permuto iPhone 8 Plus Xs Max Xr,45999.0,Capital Federal,Villa Devoto
iphone x,iPhone X 64 Gb Vendo/permuto,55000.0,Capital Federal,Belgrano
iphone x,iPhone X Permuto Vendo,46000.0,Capital Federal,Caballito
iphone x,iPhone X 256gb Space Grey Apple Como Nuevo - Paga En Cuotas,69999.0,Capital Federal,Belgrano
iphone x,iPhone X Black 64 Gb Usado ,42999.0,Buenos Aires,Castelar
iphone x,Apple iPhone X 256gb 5.8' Oled 4g,72990.0,Buenos Aires,Pilar
iphone x,iPhone Xs 64 Gb 100% Calificacion Stock Garantia 1 Ano,81999.0,Capital Federal,Liniers
iphone x,iPhone X 64 Gb Space Gray Permuto Por Xs,49000.0,Buenos Aires,La Plata
iphone x,Apple iPhone X 256gb Face Id Total Black Envios Todo El Pais,59999.0,Buenos Aires,General San Martin
iphone x,Celular Apple iPhone X 64gb 3gb Ram Liberado Original 12mp,47999.0,Capital Federal,Belgrano
iphone x,iPhone X 64gb Apple En Caja Sellada Y Envio Gratis,59998.0,Buenos Aires,Benavidez
iphone x,Apple iPhone X 256gb Space Grey - Como Nuevo - Poco Uso,58000.0,Capital Federal,Belgrano
iphone x,iPhone X  256gb Nuevo Ultima Unidad,65000.0,Capital Federal,Caballito
iphone x,iPhone Xr 6.1p Hd 128/3gb Ram 12/7 Mpx Face Id Dual Gtia Loc,60631.04,Capital Federal,Barracas
iphone x,iPhone X Usado,25000.0,Santa Cruz,Deseado
iphone x,Nuevo iPhone X 64gb A11 Con Garantia  + Templado De Regalo,58099.37,Capital Federal,Capital Federal
iphone x,iPhone iPhone X 64 Gb Bueno Negro Liberado,34677.0,Capital Federal,Palermo
iphone x,iPhone X 64gb,66000.0,Capital Federal,CABA
iphone x,iPhone X Silver 64gb +funda+cristal Templado 3m Traido De Ny,59500.0,Capital Federal,Puerto Madero
iphone x,Celular Apple iPhone X 64gb 3gb Ram Liberado Dual Camara,47999.99,Capital Federal,Belgrano
iphone x,iPhone X 64 Gb Space Gray Negro Libre Sellado Stock Fact A B,57499.0,Cordoba,Cordoba
iphone x,iPhone X 64 Gb Con Caja Y Accesorios Orig,38000.0,Formosa,Formosa
iphone x,iPhone X 64gb Space Grey Usado,56999.0,Capital Federal,Capital federal
iphone x,Apple iPhone X 64gb Face Id Oled Lte 4g Sellados Garantia,59499.0,Capital Federal,Caballito
iphone x,Apple iPhone X 256gb Silver Excelente Estado,46000.0,Capital Federal,Villa Urquiza
iphone x,iPhone X 256 Gb,55000.0,Capital Federal,San Nicolas
iphone x, I Phone X  Space Grey 256gb Nuevo Con Fac Dia Del Nino!,62000.0,Capital Federal,Caballito
iphone x,iPhone X 64 Gb Space Gray Negro Libre Sellado Stock Fact A B,69999.0,Cordoba,Cordoba
iphone x,Apple iPhone X 256 Gb  Nuevo Con Caja Caballito,65000.0,Capital Federal,Caballito
iphone x,Apple iPhone X 256gb Original Garantia 1 Ano !! Fac A O B,69999.0,Capital Federal,Villa Urquiza
iphone x,Apple iPhone X 64gb Apple A11 Bionic Hexa-core 64 Bits ,72099.0,Buenos Aires,San Justo
iphone x,Apple iPhone X 64gb Ram 3gb Camara Dual 12mpx Os Ios 11,59799.0,Buenos Aires,San Justo
iphone x,Apple iPhone X 256gb 3gb 12mp Lte 4g Original Liberado,70799.0,Capital Federal,Microcentro
iphone x,Apple iPhone X 64gb Caja Sellada Silver Original Garantia 4g,59999.0,Capital Federal,Recoleta
iphone x,Apple iPhone X 256,72900.0,Capital Federal,Villa Devoto
iphone x,Escucho Ofertas:  iPhone X 64 Gb. Space Gray Nuevo Sellado,56000.0,Capital Federal,Belgrano
iphone x,iPhone X 256 Gb No Permuto,50000.0,Buenos Aires,Recoleta
iphone x,Apple iPhone X 256gb Silver Excelente Estado,55000.0,Capital Federal,Villa Urquiza
iphone x,iPhone X De 64gb Nuevo Libre Cn Gtia Envios!!!,58500.0,Cordoba,Cordoba
iphone x,iPhone X 64gb Libre Caja Sellada Celular 6 Cuotas ,65490.0,Santa Fe,Rosario
iphone x,iPhone X De 64gb Nuevo Libre Con Garantia!!!,69700.0,Cordoba,Cordoba
iphone x,Apple iPhone X 64gb Original Sellado Fact Garantia Oficial,58990.0,Capital Federal,NUNEZ
iphone x,iPhone X Silver Ya En Stock 256gb,71600.0,Tucuman,Tucuman
iphone x,Iphonebelgrano Xr 64 Gb Nuevo Sellado Garantia Apple,41080.0,Capital Federal,"BELGRANO, NUNEZ, CANITAS"
iphone x,iPhone X64gb Lib Sellados No Comprar S/consultar! Garant/ofi,42500.0,Buenos Aires,Moron
iphone x,Apple iPhone X 64 Gb Nuevos En Caja Libres Mercadopago ,69299.0,Capital Federal,CABA Villa Devoto
iphone x,Apple iPhone X 64gb 5.8' Space Gray Silver Face Id + Vidrio ,65000.0,Capital Federal,Belgrano
iphone x,iPhone X 64 Gb Nuevo,34000.0,Buenos Aires,La Matanza
iphone x,iPhone X 64 Gb Nuevo Libre De Fabrica,28000.0,Buenos Aires,Recoleta
iphone x,iPhone X 64gb Libre Caja Sellada Celular Local Garantia,54990.0,Santa Fe,Rosario
iphone x,iPhone X 64 Gb Space Gray Libre Electro Internet,51000.0,Buenos Aires,Mar del Plata
iphone x,iPhone X 64 Gb Nuevo Sellado,51999.0,Capital Federal,Villa Crespo
iphone x,iPhone X 256gb Liberado Garantia 9 9 0 U,59900.0,Capital Federal,Agronomia
iphone x,iPhone X 64gb Negro Usado Impecable Caja Completa,39000.0,Capital Federal,Villa Urquiza
iphone x,iPhone X 64gb Nuevos Caja Cerrada Permuto,53990.0,Buenos Aires,Ituzaingo
iphone x,Apple iPhone X 256gb Original Sellado Fact Garantia Oficial,67990.0,Capital Federal,Nunez
iphone x,iPhone X 64gb Igual A Nuevo (sin Detalles),44999.0,Buenos Aires,lanus este
iphone x,iPhone X 256gb Solo Permuto ,64000.0,Capital Federal,Belgrano R
iphone x,Hola Vendo iPhone X,26000.0,Buenos Aires,Quilmes
iphone x,iPhone X Cef Import,69900.0,Buenos Aires,Saenz Pena
iphone x,Apple iPhone X 64gb Cuotas S/int! Sellado Fact Gtia Oficial,71390.0,Capital Federal,Nunez
iphone x,iPhone X 64gb Sellados Libre De Fabrica Usa Directo,61798.96,Buenos Aires,Tandil
iphone x,iPhone X 256gb Con Garantia Y Factura A/b,70128.0,Capital Federal,San Nicolas
iphone x,Apple iPhone X 256,72990.0,Capital Federal,Villa Devoto
iphone x,Apple iPhone X 64gb 3gb 12mp Lte 4g Original Liberado,59899.0,Capital Federal,Microcentro
iphone x,iPhone X 64gb Usado Permuto Permuta ,56000.0,Capital Federal,Belgrano R
iphone x,Apple iPhone X 256gb Cuotas S/int! Sellado Fact Gtia Oficial,82290.0,Capital Federal,Nunez
iphone x,iPhone Xs 512gb Con Garantia Y Factura + Envio!,97802.0,Capital Federal,San Nicolas
iphone x,Nuevo Apple iPhone X 64gb Original Garantia 1 Ano,63999.0,Capital Federal,San Nicolas
iphone x,iPhone X 64gb Nuevo Sellado 12 Meses Garantia Apple,59798.0,Capital Federal,San Nicolas
iphone x,iPhone X 256gb  Garantia Factura A+ Templado De Regalo,69757.66,Capital Federal,Capital Federal
iphone x,Apple iPhone X 256gb Envios,72990.0,Capital Federal,Monserrat
iphone x,Apple iPhone X 256gb 5.8' Face Id Oled Garantia 15% Off,79999.99,Capital Federal,CAPITAL FEDERAL
iphone x,iPhone X De 64 Gb. Space Gray (black),54600.0,Santa Fe,Armstrong
iphone x,Apple iPhone X 256gb Entrega Inm Gtia 1 Ano,82282.82,Capital Federal,Belgrano
iphone x,Caja Original iPhone X Space Gray 256gb,600.0,Buenos Aires,Moreno
iphone x,iPhone X 64 Gb Silver Y Space Grey,69000.0,Buenos Aires,Moreno
iphone x,Nuevo iPhone X 64gb Garantia 1 Ano Sellados Libres + Envio!,60000.0,Capital Federal,San Nicolas
iphone x,iPhone X 64gb Silver Nuevo Caja Cerrada Garantia Oficial,63990.0,Capital Federal,Caballito
iphone x,iPhone X 64gb Nuevos Garantia Envios Colores Sellado,58996.0,Buenos Aires,Mar del Plata
iphone x,iPhone X 256 Gb,55000.0,Tucuman,San Miguel de Tucuman
iphone x,iPhone X 256 Gb Libre En Caja Sellada,36599.0,Buenos Aires,Avellaneda
iphone x,Apple iPhone X 256gb 5.8 Nuevo Modelo Factura A O B,69988.0,Capital Federal,San Nicolas
iphone x,Apple iPhone X 256gb Libre - C Nuevo - Permuto,65999.0,Capital Federal,Villa Urquiza
iphone x,iPhone X 256gb- Envios Gratis- 12 Meses Garantia Apple,71999.0,Capital Federal,San Nicolas
iphone x,Apple iPhone X 256gb,72990.0,Capital Federal,Villa Devoto
iphone x,Apple iPhone X 256gb 5.8 Pulgadas Oled 4g,72990.0,Capital Federal,Monserrat
iphone x,Nuevo iPhone X 256gb A11 Con Garantia 6 Cuotas Sin Interes,86002.82,Capital Federal,Capital Federal
iphone x,Apple iPhone X 64gb 4g Lte 5.8 Pulg Chip A11 12mpx  _1,63746.0,Capital Federal,Saavedra
iphone x,Apple iPhone X 256gb 5.8 Pulg  - Libre Sellado Nuevo! _1,74043.0,Santa Fe,Rosario
iphone x,Apple iPhone X 64gb Entrega Inm Gtia 1 Ano,71676.0,Capital Federal,Belgrano
iphone x,"iPhone X 64gb Nuevo, Libre Y Sellado  - Somos:  Impo.stock",49399.0,Capital Federal,Belgrano
iphone x,iPhone X De 256 Nuevo Libre Cn Gtia Envios!!! ,69000.0,Cordoba,Cordoba
iphone x,iPhone X 256gb+3gb 5.8  12mp Ios 11''  1 Ano De Garantia,106287.47,Misiones,itacaruare
iphone x,iPhone X 64gb - Caja Sellada,54999.0,Cordoba,cordoba
iphone x,Apple iPhone X 256gb 4g Lte 5.8 Pulg Chip A11 12mpx  _1,74043.83,Capital Federal,Saavedra
iphone x,iPhone X Nuevo En Caja Libre Con Garantia !,30000.0,Buenos Aires,San Justo
iphone x,Apple iPhone X 64 Gb 5.8  Oled A11 Bionic 3gb Ram Sellado,71722.0,Santa Fe,Rosario
iphone x,iPhone X 64gb B-f Cordoba Liberado + Garantia,66499.0,Cordoba,Cordoba
iphone x,iPhone X 256 Gb,75000.0,Capital Federal,Belgrano
iphone x,iPhone X 256 Silver,54000.0,Buenos Aires,Quilmes
iphone x,iPhone X 256gb Libre De Fabrica Color Blanco El Mejor Precio,41500.0,Capital Federal,Ciudad Autonoma de Buenos Aires
iphone x,Apple iPhone X 64gb 5.8 Pulg  - Libre Sellado Nuevo! _1,63746.0,Santa Fe,Rosario
iphone x,iPhone X 256gb Nuevos En Caja Sellada Libre -  Impo.stock ,54290.0,Capital Federal,Belgrano
iphone x,iPhone iPhone X 256 Muy Bueno Gris Liberado,64596.0,Capital Federal,Palermo
iphone x,iPhone X 64gb Libre Absolutamente Unico Ver Fotos ,44490.0,Buenos Aires,Quilmes
iphone x,iPhone X 64gb Garantia Y Envio Gratis   Cuotas S/i,59998.0,Capital Federal,San Nicolas
iphone x,Apple iPhone X 64gb Entrega Inm Gtia 1 Ano _1,61553.0,Capital Federal,Belgrano
iphone x,Nuevo iPhone X 64gb - Apple. Envio Gratis + Cuotas S/i,59998.0,Capital Federal,San Nicolas
iphone x,iPhone X 256gb - Apple 5.8 Nuevo Modelo Garantia Cuotas S/i,70249.0,Capital Federal,San Nicolas
iphone x,Apple iPhone X 256gb Libre - C Nuevo - Templado Imp. Magneti,65999.0,Capital Federal,Villa Urquiza
iphone x,iPhone iPhone X 256 Bueno Gris Liberado,57052.0,Capital Federal,Palermo
iphone x,iPhone X De 256 Nuevo Libre Cn Gtia Envios!!! ,82300.0,Cordoba,Cordoba
iphone x,Apple iPhone X 64gb 5.8' Oled 4g Silver Sumergible Nuevo,68769.99,Capital Federal,San Cristobal
iphone x,iPhone iPhone X 256 Bueno Negro Liberado,57052.0,Capital Federal,Palermo
iphone x,iPhone X 64gb+3gb  5.8  12mp Ios 11  1 Ano De Garantia Apple,72386.37,Misiones,itacaruare
iphone x,Apple iPhone X 256gb Entrega Inm Gtia 1 Ano _1,70588.0,Capital Federal,Belgrano
iphone x,iPhone X 64gb 3gb Libre,54999.0,Buenos Aires,Quilmes oeste
iphone x,Nuevo Apple iPhone X 64gb Original Garantia 1 Ano !! Sellado,89000.0,Capital Federal,San Cristobal
iphone x,iPhone X 256gb+3gb 5.8  12mp Ios 11''  1 Ano De Garantia,85664.49,Misiones,itacaruare
iphone x,iPhone X 64gb B-f Cordoba Liberado + Garantia,55799.0,Cordoba,Cordoba
iphone x,Apple iPhone X 256gb 5.8' Oled 4g,69300.0,Buenos Aires,Pilar
iphone x,Apple iPhone X 256,79900.0,Buenos Aires,Pilar
iphone x,Nuevo Apple iPhone X 64gb Original Garantia 1 Ano !! Sellado,71230.0,Capital Federal,San Cristobal
iphone x,iPhone X 256gb B-f Cordoba Liberado + Garantia,64650.0,Cordoba,Cordoba
iphone x,"iPhone X 64 Gb, Caja/accesorios, Factura, Permuta X iPhone 8",50900.0,Buenos Aires,Country club Loma verde Escobar
iphone x,iPhone X Silver 256gb Funda+cristal Templado 3m Traido De Ny,62500.0,Capital Federal,Puerto Madero
iphone x,iPhone X 256 Negro,45000.0,Capital Federal,BARRIO NORTE
iphone x,iPhone X Silver 64 Gb Bateria Al 96%,43000.0,Buenos Aires,Castelar
iphone x,iPhone X 256gb Enacom ,21000.0,Corrientes,Bella Vista
iphone x,iPhone X Original 256 Gb ( Linea Sup Pixelada) Foto,39000.0,Capital Federal,Caba
iphone x,Apple iPhone X 256gb,30000.0,Buenos Aires,San Nicolas De Los Arroyos
iphone x,Regalo! iPhone X 256 Gb Space Gray En Perfecto Estado,35000.0,Buenos Aires,Belen De Escobar
iphone x,Apple iPhone X 256gb,28000.0,Capital Federal,San Telmo
iphone x,iPhone X De 256gb,42000.0,Buenos Aires,Caseros
iphone x,"iPhone X 256gb, Garantia, Libre De Origen, 96%",42000.0,Capital Federal,Zona Obelisco
iphone x,Manzana iPhone 8 Mas - 256gb - Gris Espacio A1864 ( Cdma + ,51356.49,Buenos Aires,Avellaneda
iphone x,"iPhone X 5.8 -inchfunda, Wenbelle Blazers Series, Caracteri",1059.98,Buenos Aires,Avellaneda
