,Item,Title,Price,State,City,User
0,Iphone 7,iPhone 7 Apple 32gb Sellado Libre + Original Gtia + Templado,32989.99,Capital Federal,Palermo Soho,333535949
1,Iphone 7,iPhone 7 Apple 128gb Sellado Original Gtia 1 Ano + Templado!,39989.99,Capital Federal,Palermo Soho,333535949
2,Iphone 7,iPhone 7 Plus Apple 128gb 4g 4k Sellado Garantia 1 Ano Envio,49989.99,Capital Federal,Palermo Soho,333535949
3,Iphone 7,iPhone 7 Plus 32gb Nuevos Libres Garantia Envios + Templado,46989.99,Capital Federal,Palermo Soho,333535949
4,Iphone 7,iPhone 7 Apple 128gb Sellado + Original Garantia 1 Ano !!!,41498.0,Capital Federal,capital federal,128885
5,Iphone 7,Apple iPhone 7 32gb Lte 4g 4.7 Liberados Fabrica Garantia,36499.0,Capital Federal,Caballito,90262631
6,Iphone 7,iPhone 7 Apple 128gb Sellado Original + Garantia + Templado!,49989.99,Capital Federal,Palermo Soho,333535949
7,Iphone 7,Apple iPhone 7 128gb Lte 4g 4.7 Liberados Fabrica Sellados,40990.0,Capital Federal,Caballito,90262631
8,Iphone 7,Celular iPhone 7 32gb 2gb Ram Ios Apple Lte 4g Cuotas,23999.0,Capital Federal,C.A.B.A.,119914491
9,Iphone 7,Izalo: Apple iPhone 7 Plus 128gb Libres Con Garantia+ Local!,50999.0,Santa Fe,Rosario,124358771
10,Iphone 7,iPhone 7 Plus 128 Gb Nuevos Caja Sellada Originales,45850.0,Capital Federal,Belgrano R,92099663
11,Iphone 7,Apple iPhone 7 Plus 32gb Lte 4g Liberados Fabrica Garantia,43999.0,Capital Federal,Caballito,90262631
12,Iphone 7,iPhone 7 Plus 32gb Bueno Negro Liberado,25864.0,Capital Federal,Palermo,304248120
13,Iphone 7,Apple iPhone Plus 7 128gb 5.5' Retina 12mp 7mp 4k Sumergible,57379.99,Capital Federal,Las Canitas,78097118
14,Iphone 7,iPhone 7 32gb Nuevo En Caja Sellado Con 12 Meses D Garantia,31999.0,Capital Federal,Monserrat,279880032
15,Iphone 7,Apple iPhone Plus 7 32gb 5.5' Retina 12mp 4k 7mp Stereo,50979.99,Capital Federal,Las Canitas,78097118
16,Iphone 7,Apple iPhone 7 32gb 4.7' Retina 12mp 7mp 4k 2gb Sumergible,39879.99,Capital Federal,Las Canitas,78097118
17,Iphone 7,iPhone 7 Apple 32gb Sellado Libre + Original Garantia 1 Ano,36799.0,Capital Federal,capital federal,128885
18,Iphone 7,iPhone 7 Plus De 32gb Nuevo Libre Cn Gtia Envios!!,37300.0,Cordoba,Cordoba,189765251
19,Iphone 7,Celular iPhone 7 128gb 2gb Ram 12mp 7mp Apple Oferta Cuotas,29999.0,Capital Federal,Belgrano,309453406
20,Iphone 7,iPhone 7 Apple 32gb Plus 5.5 4g 4k Sellado + Garantia 1 Ano,46999.0,Capital Federal,capital federal,128885
21,Iphone 7,iPhone 7 32gb Muy Bueno Negro Liberado,19273.0,Capital Federal,Palermo,304248120
22,Iphone 7,Apple iPhone 7 Plus 256gb 5.5 12mp Liberados Gtia Templado!,49989.99,Capital Federal,Palermo Soho,333535949
23,Iphone 7,iPhone 7 Apple 128gb Plus 4g 4k Sellado + Garantia 1 Ano!!,49499.0,Capital Federal,capital federal,128885
24,Iphone 7,Apple iPhone 7 32gb  12mpx Liberados + Combo Accesorios,27470.0,Misiones,San Javier,258500012
25,Iphone 7,Apple iPhone 7 128gb 4.7' Retina 12mp 7mp 4k 2gb Sumergible,47179.99,Capital Federal,Las Canitas,78097118
26,Iphone 7,iPhone 7 - 128gb - A10 - 12 Mp / 4k - Retina Hd - 4.7 Rose,41999.99,Capital Federal,CAPITAL FEDERAL,280992944
27,Iphone 7,iPhone 7 32gb 6 Cuotas Tarjetas! Apple Caja Cerrada Sellada,36490.0,Santa Fe,Rosario,47188967
28,Iphone 7,iPhone 7-32gb -a10-12 Mp / 4k-retina Hd-4.7 Jet Black,36999.99,Capital Federal,CAPITAL FEDERAL,280992944
29,Iphone 7,iPhone 7 Plus 256gb,39000.0,Buenos Aires,san antonio de padua,122761332
30,Iphone 7,Apple iPhone 7 Plus 128gb Nuevos En Caja Sellados La Plata,45200.0,Buenos Aires,La Plata,120226721
31,Iphone 7,Celular iPhone 7 128gb 2gb Ram Ios Apple Lte 4g Cuotas ,29999.0,Capital Federal,C.A.B.A.,119914491
32,Iphone 7,Apple iPhone 7 128gb A10 4k Retina 12mp Libres En Stock Ya,29999.0,Capital Federal,MICRO CENTRO,216467614
33,Iphone 7,Apple iPhone 7 32gb 4.7'  12mp - 7mp- 4k 2gb Originales ,36999.0,Capital Federal,Balvanera,381021311
34,Iphone 7,Apple iPhone 7 32gb 4.7'  12mp - 7mp- 4k 2gb Sumergible,31000.0,Capital Federal,Balvanera,381021311
35,Iphone 7,iPhone 7 32 Gb  (todos Los Colores) Nuevo Originales Sellado,36999.0,Capital Federal,Caballito,3232855
36,Iphone 7,iPhone 7 Plus 32 Gb,11000.0,Buenos Aires,Caballito,353368838
37,Iphone 7,iPhone 7 32gb Nuevos Oportunidad Apple Usa Legitimos Cuotas,27499.0,Capital Federal,Puerto Madero,77447994
38,Iphone 7,iPhone 7 - 128gb - En Cuotas!,29000.0,Capital Federal,Villa Ortuzar,91315309
39,Iphone 7,"iPhone 5s Usado, Gris 16gb Cargador,fundas. No Permuto",7000.0,Capital Federal,San Nicolas,209010728
40,Iphone 7,iPhone 7 Plus 32gb No Liberado Rosa,14999.0,Capital Federal,Capital Federal,93415480
41,Iphone 7,"Apple iPhone 7, Gsm Desbloqueado, 256 Gb - Plateado (certifi",20864.32,Buenos Aires,Avellaneda,282791920
42,Iphone 7,iPhone 7 Plus 128gb Nuevos Sellados Promo Garantia Cuotas,68999.0,Capital Federal,Puerto Madero,77447994
43,Iphone 7,Apple iPhone 7 32 Gb A10 4k Retina 12mp Libres En Stock Ya,27999.0,Capital Federal,MICRO CENTRO,216467614
44,Iphone 7,iPhone 7 Plus 128 Gb Rosa Funciona Ok Con Pantalla Rota,27990.0,Capital Federal,CABA,82356987
45,Iphone 7,iPhone 7 32 Gb En Excelente Estado Liberado,13000.0,Capital Federal,Palermo,315793342
46,Iphone 7,"iPhone 7 Plus, Jet Black 128gb",35900.0,Capital Federal,Balvanera,29603319
47,Iphone 7,iPhone 7 Plus 128gb Libre Con Caja Y Accesorios,35200.0,Buenos Aires,Tigre,227311765
48,Iphone 7,iPhone 7 Plus 32 Gb Nuevos Caja Sellada Originales,45499.0,Capital Federal,Belgrano R,92099663
49,Iphone 7,Nuevo Apple iPhone X 64gb Original Garantia 1 Ano,35000.0,Cordoba,Rio Cuarto,436622205
50,Iphone 7,Apple iPhone 7 Plus 32gb Cuotas S/int! Sellado Gtia Oficial ,49590.0,Capital Federal,Nunez,17846983
51,Iphone 7,Apple iPhone 7 Plus 32gb Orig Sellado Fact Garantia Oficial,40990.0,Capital Federal,Nunez,17846983
52,Iphone 7,Apple iPhone 7 32gb Cuotas S/int! Sellado Fact Gtia Oficial,42390.0,Capital Federal,Nunez,17846983
53,Iphone 7,iPhone 7 Plus 32 Gb Libre Nuevo Traido Usa Desbloqueado,32000.0,Buenos Aires,LomasdeZamora,199050594
54,Iphone 7,iPhone 7 32gb Nuevos Liberados,23999.0,Capital Federal,Capital federal,40502308
55,Iphone 7,Apple iPhone 7 128gb Cuotas S/int! Sellado Fact Gtia Oficial,45990.0,Capital Federal,Nunez,17846983
56,Iphone 7,Apple iPhone 7 32gb Original Sellado Fact Garantia Oficial,34990.0,Capital Federal,NUNEZ,17846983
57,Iphone 7,Apple iPhone 7 128 Gb  + Combo Accesorios,27670.0,Misiones,Posadas,258500012
58,Iphone 7,Celular Liberado iPhone 7 256gb 2gb Ram  Ios 10 Original,41999.0,Capital Federal,C.A.B.A.,119914491
59,Iphone 7,Apple iPhone 7 Plus 128gb Original Sellado Garantia Oficial,45990.0,Capital Federal,Nunez,17846983
60,Iphone 7,Apple iPhone 7 Plus 128gb Cuotas S/int! Sellado Gtia Oficial,55690.0,Capital Federal,Nunez,17846983
61,Iphone 7,iPhone 7 Plus 32 Gb Libre Nuevo Traido Usa Desbloqueado,32000.0,Buenos Aires,Lomas de Zamora,377788885
62,Iphone 7,Apple iPhone 7 128gb Original Sellado Fact Garantia Oficial,37990.0,Capital Federal,Nunez,17846983
63,Iphone 7,iPhone 7 Plus 128gb Gold Multimarcas Recoleta,39000.0,Chaco,Resistencia,276394270
64,Iphone 7,Apple iPhone 7 128 Gb + Earpods I7s Y Combo Accesorios,39500.0,Misiones,Posadas,258500012
65,Iphone 7,iPhone 7 32g Lte Nuevo Sellado.-varios Colores,32800.0,Capital Federal,Flores,79835744
66,Iphone 7,iPhone 7 32gb - Libre - 4k 12mp - 4g Lte Local A La Calle,29999.0,Capital Federal,San Nicolas,146480022
67,Iphone 7,iPhone 7 Black Mate 128gb Nuevo En Caja Con Accesorios,17000.0,Buenos Aires,Moreno,24626895
68,Iphone 7,iPhone 7 32gb,5500.0,Corrientes,Corrientes,319269104
69,Iphone 7,iPhone 7 Plus 128gb Nuevos Sellado Eeuu Oportunid Efv Libres,68499.0,Capital Federal,Puerto Madero,77447994
70,Iphone 7,Test No Ofertar - Apple iPhone 7 32 Gb,23.0,Capital Federal,lugano,261580150
71,Iphone 7,Vendo O Permuto iPhone 7 Por S8,16000.0,Buenos Aires,General San Martin,258009177
72,Iphone 7,iPhone 7 Black 128gb Error Baseband No Llamadas / Wi-fi,16478.97,Buenos Aires,Martinez,9316603
73,Iphone 7,iPhone 7 Plus 128gb Con Caja Y Accesorios,35200.0,Buenos Aires,Tigre,227311765
74,Iphone 7,iPhone 7 256gb Nuevo Caja Sellada Con Garantia Y Acceso,31900.0,Buenos Aires,Beccar,42904173
75,Iphone 7,"iPhone 7 Plus Rose Gold, No Funciona(solo P/repuestos)leer",15000.0,Capital Federal,BUENOS AIRES,155518960
76,Iphone 7,iPhone 7 Plus 128gb (c/garantia),24000.0,Misiones,Pto Iguazu,248125316
77,Iphone 7,iPhone 7 Apple 32gb Libre Unlocked Refubrished Accesorios,24999.0,Buenos Aires,Merlo,144466262
78,Iphone 7,Apple iPhone 7 Plus 32 Gb Libre Negro Rosa Dorado Plateado,39999.0,Buenos Aires,lanus oeste,5601742
79,Iphone 7,iPhone 7 32gb Bueno Negro Liberado,17061.0,Capital Federal,Palermo,304248120
80,Iphone 7,iPhone 7 Plus 32 Gb Sellados  (negro) Nuevos Originales,70000.0,Capital Federal,Balvanera,10555379
81,Iphone 7,iPhone 7 32gb-libre De Fabrica-garantia Oficial-,31000.0,Capital Federal,Puerto Madero,287054359
82,Iphone 7,iPhone 7 Plus 128 Gb Sin Caja,45995.04,Capital Federal,Belgrano,49215560
83,Iphone 7,iPhone 7 32gb,18000.0,Buenos Aires,Pergamino,24155222
84,Iphone 7,iPhone 7 Plus,27000.0,Capital Federal,CABA,267734734
85,Iphone 7,Celular iPhone 7 256gb 2gb Ram 12mp 7mp Liberado Original ,42999.0,Capital Federal,Belgrano,309453406
86,Iphone 7,Apple iPhone 7 Plus 256gb Cuotas S/int! Sellado Gtia Oficial,66590.0,Capital Federal,Nunez,17846983
87,Iphone 7,iPhone 7,13500.0,Capital Federal,Caballito,126941525
88,Iphone 7,iPhone 7plus 128gb Solo Para Personal Impec  Koriaudio !!!,42500.0,Capital Federal,Velez Sarsfield,239110457
89,Iphone 7,iPhone 7 Plus 32 Gb Cuotas Sin Interes  (promo Negro),70000.0,Capital Federal,Balvanera,10555379
90,Iphone 7,Apple iPhone 7 32gb Perfecto Estado Con Accesorios Originale,26989.99,Capital Federal,Palermo Soho,333535949
91,Iphone 7,iPhone 7 32gb Ni Una Marca! Liberado Vendedor 100% Calific +,21490.0,Buenos Aires,Pergamino,82895205
92,Iphone 7,Celular iPhone 7 Plus Libre Reacondicionado  Rebaja ,33249.0,Cordoba,Cordoba,212011454
93,Iphone 7,iPhone 7. Solo Para Wifi Y Datos. Leer Descripcion,5000.0,Buenos Aires,Bolivar,313192718
94,Iphone 7,Apple iPhone 7 Plus Black 256gb Lte Libre Nuevo Caja Sellada,48500.0,Buenos Aires,Chascomus,89312402
95,Iphone 7,iPhone 7 256gb Libre De Fabrica + Garantia Impecable,24980.0,Capital Federal,Recoleta,305838190
96,Iphone 7,"iPhone 7 Plus 128gb Rojo Edicion Limitada Excelente , Unico",32500.0,Capital Federal,San Telmo,97403953
97,Iphone 7,iPhone 7 32 Gb  Todos Los Colores Originales Sellados,67899.0,Capital Federal,Balvanera,10555379
98,Iphone 7,iPhone 7,13500.0,Santa Fe,santa fe,275673912
99,Iphone 7,iPhone 7 Plus 32gb Muy Bueno Negro Liberado,29249.0,Capital Federal,Palermo,304248120
100,Iphone 7,iPhone 8 64gb Permuto iPhone 7 8 Plus  Xs Max Xr,34000.0,Buenos Aires,florida,129390255
101,Iphone 7,iPhone 7 32 Gb Consulta Colores  Cuotas Sin Interes,36999.0,Capital Federal,Balvanera,381021311
102,Iphone 7,Vendo iPhone 7 Plus 256gb,21000.0,Misiones,Santa Ana,191120637
103,Iphone 7,iPhone 7 Plus  32gb Apple Original Libre Garantia + Templado,34999.0,Capital Federal,Flores,194244598
104,Iphone 7,iPhone 7 Apple 128gb Sellado Original 12mp Ios 10 Evotech,42649.0,Buenos Aires,Martinez,187270707
105,Iphone 7,Celular iPhone 5s Apple 4g Lte Chip A7 64 Bits Id Touch 8mp,10799.0,Capital Federal,Belgrano,109550524
106,Iphone 7,iPhone 7 Plus Usado No Funciona,10000.0,Capital Federal,caba,81700809
107,Iphone 7,iPhone 7-32gb -a10-12 Mp / 4k-retina Hd-4.7 Rose Gold,36999.99,Capital Federal,CAPITAL FEDERAL,280992944
108,Iphone 7,iPhone 7 Plus 128gb Apple Original Gold  Cargador Garantia,39999.0,Capital Federal,Flores,194244598
109,Iphone 7,Apple iPhone 7 Plus 256gb Negro Mate - Cable Nuevo De Regalo,39986.32,Capital Federal,Puerto Madero,105665176
110,Iphone 7,iPhone 7 32gb Bueno Gris Liberado,17061.0,Capital Federal,Palermo,304248120
111,Iphone 7,Celular Libre Apple iPhone 7 Plus Mnqq2le/a Rosa 32gb,59999.0,Capital Federal,Belgrano,284428514
112,Iphone 7,iPhone 7 256gb Black Mate Libre + Garantia,24980.0,Capital Federal,Recoleta,305838190
113,Iphone 7,"iPhone 7 Mas Caso , Zizo [ Tornillo Serie ] W / Free [ Ipho",2499.56,Buenos Aires,Avellaneda,290089851
114,Iphone 7,Celular Apple iPhone 7 32gb 4g Lte Sellado,34999.0,Capital Federal,Villa Devoto,245722648
115,Iphone 7,Rosario Celular iPhone 7 Plus 128gb Nuevo Sellado Apple,60449.99,Santa Fe,Rosario,140019183
116,Iphone 7,iPhone 7 Plus 256 Gb En Caja Y Accesorios Libre De Todo !,29999.0,Capital Federal,Almagro,49011672
117,Iphone 7,iPhone 7 Plus 32gb Bueno Gris Liberado,25864.0,Capital Federal,Palermo,304248120
118,Iphone 7,iPhone 7 Rosa Nuevo Nada De Uso  Mas iPhone 6 Plus,50000.0,Buenos Aires,Malvinas Argentinas,300013465
119,Iphone 7,iPhone 7 Plus 32 Gb Nuevo En Caja Sellada ,24899.0,Buenos Aires,Avellaneda,225072721
120,Iphone 7,iPhone 7 Plus 128gb Gold,31900.0,Chaco,Resistencia,276394270
121,Iphone 7,iPhone 7 Plus 32 Gb. Liberado.,19999.0,Buenos Aires,Chacabuco,352700034
122,Iphone 7,iPhone 7plus Black Mate 128 Gb,35000.0,Capital Federal,Belgrano,245266809
123,Iphone 7,iPhone 7 Mate Black 128 Gb Liberado. A Nuevo.,32199.0,Capital Federal,Belgrano,158240589
124,Iphone 7,iPhone Xr 6.1p Hd 128/3gb Ram 12/7 Mpx Face Id Dual Gtia Loc,60631.04,Capital Federal,Barracas,78008144
125,Iphone 7,iPhone 7 Plus Gris Plata,26000.0,Capital Federal,Palermo,49007363
126,Iphone 7,iPhone 7 Plus 32 Gb Nuevos Originales Sellados  Negro,70000.0,Capital Federal,Balvanera,10555379
127,Iphone 7,iPhone 7 Plus 128gb Pink Placa Rota,14000.0,Capital Federal,Buenos Aires,3354481
128,Iphone 7,Apple iPhone 7 Plus,25000.0,La Rioja,Famatina,208201665
129,Iphone 7,Izalo: Apple iPhone 7 Plus 128gb Libres Con Garantia+ Local!,42999.0,Santa Fe,Rosario,124358771
130,Iphone 7,iPhone 7 Plus Silver 32gb - Youtube Premium - Impecable.,29900.0,Entre Rios,Parana,185077251
131,Iphone 7,iPhone 7 Plus 128gb Negro Mate Liberado C/funda!,27900.0,Buenos Aires,San Isidro,85702720
132,Iphone 7,Apple iPhone 7 128gb Lte 4g 4.7 Liberado 6 M De Uso,24900.0,Buenos Aires,Vicente Lopez,31917453
133,Iphone 7,"iPhone 8 Plus 256gb Gold /silver 5,5 Liberado",55000.0,Buenos Aires,Lanus,291119964
134,Iphone 7,Celular iPhone 7 Plus - 5.5 Pulgadas -  32 Gb - Liberado - R,41927.89,Buenos Aires,Avellaneda,306912651
135,Iphone 7,iPhone 7 32 Gb Nuevo En Caja Sellado Recibo  Gtia De 1 Ano,38999.0,Capital Federal,Almagro,41346155
136,Iphone 7,iPhone 7 Plus 32 Gb (no Permuto) (leer),21000.0,Buenos Aires,bernal,285531892
137,Iphone 7,iPhone 7 128gb Jet Black + Accesorios Originales,25800.0,Buenos Aires,Longchamps,394240537
138,Iphone 7,iPhone 7 Plus 32gb Liberado,1500.0,Capital Federal,Almagro,268289611
139,Iphone 7,Apple iPhone 8 Plus  64gb - Libre Sellado Nuevo! _1,55375.0,Santa Fe,Rosario,278909738
140,Iphone 7,iPhone 7 32gb Apple Caja Cerrada Sellada Local Garantia,30490.0,Santa Fe,Rosario,47188967
141,Iphone 7,iPhone 7 32gb Placa Rota,15000.0,Santa Fe,Santa Fe,267006090
142,Iphone 7,Celular Liberado Apple iPhone 7 128gb Con Caja Impecable,25000.0,Capital Federal,Palermo,42846946
143,Iphone 7,iPhone 7 Plus 128 Gb  Jet Negro Liberado,28500.0,Buenos Aires,Castelar,59284209
144,Iphone 7,iPhone 7 Plus 32/2gb Ram 5.5phd 12/7mpx Ios12 Garantia Local,41847.99,Capital Federal,Barracas,78008144
145,Iphone 7,iPhone 7 Plus 256 Gb Negro Mate,31500.0,Capital Federal,San Nicolas,77987535
146,Iphone 7,Apple iPhone 7 Plus 32gb Nuevo Sellado _8,45904.51,Santa Fe,Rosario,325038773
147,Iphone 7,iPhone 7 Plus 128 Gb Nuevo!!! Local!!!,41499.0,Buenos Aires,Lomas de Zamora,254654849
148,Iphone 7,iPhone 7 32gb Negro Libre ,21850.0,Cordoba,cordoba,38772626
149,Iphone 7,Apple iPhone 7 32gb-caja-accesorios-excelente,23000.0,Cordoba,Cordoba,42832970
150,Samsung s8,Celular Libre Samsung Galaxy S8 Gris Orquidea,37999.0,Capital Federal,Balvanera,143125485
151,Samsung s8,Samsung Galaxy S8 Edge  S.o Movistar ,32999.0,Capital Federal,Nunez,287440338
152,Samsung s8,Samsung Galaxy S8 G950f 64 Gb - Libre Refabricado A Nuevo,19000.0,Capital Federal,Ciudad Autonoma de Buenos Aires,277962355
153,Samsung s8,Celular Samsung Galaxy S8 Liberado Octacore 4g 64gb 5.8,29999.0,Capital Federal,Belgrano,172753273
154,Samsung s8,Samsung Galaxy S8 Refabricado 64gb 4gb Ram 12mp 8mp Liberado,21999.99,Capital Federal,Belgrano,309453406
155,Samsung s8,Samsung Galaxy S8 Plus Refabricado 64gb 4gb Ram Liberado,23999.0,Capital Federal,C.A.B.A.,119914491
156,Samsung s8,Samsung Galaxy S8 64gb 5.8' Nuevo Modelo + Envio Gratis!,28998.0,Capital Federal,capital federal,128885
157,Samsung s8,Samsung Galaxy S8 Edge Plus Solo S.o Movistar,36999.0,Capital Federal,Nunez,287440338
158,Samsung s8,Samsung Galaxy S8 Plus Dual 64gb 4gb Ram Sellados Garantia,33990.0,Buenos Aires,Olivos,314011882
159,Samsung s8,Samsung Galaxy S8,27999.0,Buenos Aires,Tigre,264237537
160,Samsung s8,Samsung Galaxy S8 Sm-g950f Refabricado 64gb 4gb Ram Liberado,21999.0,Capital Federal,C.A.B.A.,119914491
161,Samsung s8,Samsung Galaxy S8 Plus Refabricado 64gb 4gb Ram Liberado,23999.99,Capital Federal,Belgrano,284824585
162,Samsung s8,Samsung Galaxy S8 Plus Bueno Negro Liberado,20199.0,Capital Federal,Palermo,304248120
163,Samsung s8,Samsung Galaxy S8 Bueno Orchid Gray Liberado,19112.0,Capital Federal,Palermo,304248120
164,Samsung s8,Samsung S8+ Plus 64gb 4g Libre Arg Sm-955u /u1 Leer Ver Foto,17999.0,Capital Federal,Ciudad de buenos aires BELGRANO,437271
165,Samsung s8,Samsung Galaxy S8 Muy Bueno Negro Liberado,21619.78,Capital Federal,Palermo,304248120
166,Samsung s8,Samsung Galaxy S8 Plus Completo Caja Excelente (leer Todo),16000.0,Capital Federal,CABA,36684025
167,Samsung s8,Samsung Galaxy S8 Plus Bueno Negro Claro,20199.0,Capital Federal,Palermo,304248120
168,Samsung s8,Samsung Galaxy S8 ,10000.0,Buenos Aires,burzaco,113506730
169,Samsung s8,Samsung Galaxy S8 Plus Refabricado 64gb 4gb Ram 12mp 8mp ,23999.99,Capital Federal,Belgrano,309453406
170,Samsung s8,Samsung Galaxy S8 Refabricado Outlet 64gb 4gb Ram Cuotas,27999.99,Capital Federal,Belgrano,284824585
171,Samsung s8,Samsung Galaxy S8 Plus Bueno Azul_ Liberado,20199.0,Capital Federal,Palermo,304248120
172,Samsung s8,Celular Libre Samsung Galaxy S8 Plus 6.2'' Octacore Evotech,27199.0,Buenos Aires,Martinez,187270707
173,Samsung s8,Samsung Galaxy S8 Plus Muy Bueno Negro Liberado,22829.0,Capital Federal,Palermo,304248120
174,Samsung s8,Celular Samsung Galaxy S8 64/4gb Libre Orchid Gray,32299.0,Capital Federal,C.A.B.A,82521850
175,Samsung s8,Samsung Galaxy S8 Plus Bueno Negro Personal,20199.0,Capital Federal,Palermo,304248120
176,Samsung s8,Samsung Galaxy S8 64gb Telefono Desbloqueado - Version Inter,25048.62,Buenos Aires,Avellaneda,282791920
177,Samsung s8,Samsung Galaxy S8 Plus Black 64gb,20587.33,Buenos Aires,Avellaneda,330917104
178,Samsung s8,Samsung Galaxy S8 Plus 64gb Libre,34899.0,Capital Federal,San Telmo,45712012
179,Samsung s8,Samsung Galaxy S8 Plus Bueno Violeta Liberado,20199.0,Capital Federal,Palermo,304248120
180,Samsung s8,Samsung Galaxy S8 Plus Muy Bueno Plateado Liberado,22829.0,Capital Federal,Palermo,304248120
181,Samsung s8,Celular Samsung Galaxy S8 Plus G955f 64gb ,35795.0,Buenos Aires,Beccar,174763084
182,Samsung s8,Samsung Galaxy S8 Refabricado Azul_ Liberado,25558.0,Capital Federal,Palermo,304248120
183,Samsung s8,Samsung Galaxy S8 Plus Refabricado Plateado Liberado,26774.0,Capital Federal,Palermo,304248120
184,Samsung s8,Samsung Galaxy S8 Plus Refabricado Azul_ Liberado,26774.0,Capital Federal,Palermo,304248120
185,Samsung s8,Samsung Galaxy S8 Refabricado Negro Liberado,25382.08,Capital Federal,Palermo,304248120
186,Samsung s8,Samsung Galaxy S8 Plus Bueno Azul_ Movistar,20199.0,Capital Federal,Palermo,304248120
187,Samsung s8,Samsung S8+ Plus 64gb 4g Libre Arg Sm-955u/u1 Silver/black,21999.0,Capital Federal,Ciudad de buenos aires BELGRANO,437271
188,Samsung s8,Para Samsung Galaxy S7 S8 S8 Plus S9 S9 Plus Note 8,654.14,Buenos Aires,Avellaneda,421975021
189,Samsung s8,Samsung Galaxy S8 Plus Bueno Plateado Liberado,20199.0,Capital Federal,Palermo,304248120
190,Samsung s8,Samsung S8 64gb* Nuevos* Originales* Sellados* Gtia,27590.0,Capital Federal,Almagro,288123665
191,Samsung s8,Celular Samsung S8 Doble Sim 64 Gb Original Liberado,25899.0,Capital Federal,Caballito,254591208
192,Samsung s8,Samsung S8+ Plus 128gb  6gb Ram Liberado De Fabrica,29400.0,Santa Fe,Rosario,171615366
193,Samsung s8,Samsung Galaxy S8 Black 64gb,19713.33,Buenos Aires,Avellaneda,330917104
194,Samsung s8,Samsung Galaxy S8 Plus Muy Bueno Azul_ Liberado,22829.0,Capital Federal,Palermo,304248120
195,Samsung s8,Samsung Galaxy S8 Edge Oferta!,25999.0,Capital Federal,San Nicolas,33726842
196,Samsung s8,Samsung Galaxy S8 Plus G955fd 64gb. Galaxy S8+ 4gb Ram 12mp,39899.0,Buenos Aires,San Justo,143834751
197,Samsung s8,Telefono Celular Samsung S8 64gb Nuevos Libres,28490.0,Buenos Aires,LANUS,156187794
198,Samsung s8,Samsung S8+ Plus 64gb 4g Libre Arg Sm-955u/u1 Leer Bien,19499.0,Capital Federal,Ciudad de buenos aires BELGRANO,437271
199,Samsung s8,Samsung Galaxy S8 64gb,25999.0,Cordoba,cordoba,91842727
200,Samsung s8,Combo Celular Samsung Galaxy S8 + Dex Station + Funda,31999.0,Capital Federal,C.A.B.A,82521850
201,Samsung s8,Samsung S8 Edge  Plus Curve  4 Gb 64gb 6.2 Liberado-recoleta,29800.0,Capital Federal,Recoleta,75266732
202,Samsung s8,Combo Celular Samsung Galaxy S8 Libre + Gear Vr + Funda,31999.0,Capital Federal,C.A.B.A,82521850
203,Samsung s8,Samsung Galaxy S8 Bueno Plateado Movistar,19112.0,Capital Federal,Palermo,304248120
204,Samsung s8,Samsung Galaxy S8 Plus 4g Libre Con Gtia!!!,31700.0,Cordoba,Cordoba,189765251
205,Samsung s8,Samsung S8 ,18000.0,Buenos Aires,buenos aires,227182565
206,Samsung s8,Nueva Samsung S8 Plus 64gb Sellado,15000.0,Buenos Aires,Plomer,418475204
207,Samsung s8,Celular Samsung S8 Libre Reacondicionado ,22299.0,Cordoba,Cordoba,212011454
208,Samsung s8,Samsung Galaxy S8 Plus Dual Sim Bueno Negro Liberado,20199.0,Capital Federal,Palermo,304248120
209,Samsung s8,Samsung Galaxy S8 Pantalla Rota,10000.0,Buenos Aires,Lomas de Zamora,90059416
210,Samsung s8,Samsung Galaxy S8 Plus Dual 64gb 4gb Ram Sellados Garantia,28990.0,Buenos Aires,Olivos,314011882
211,Samsung s8,Samsung S8 Nuevo Al Mejor Precio,31900.0,Capital Federal,capital fedral,52915878
212,Samsung s8,Samsung Galaxy S8 Muy Bueno Azul_ Liberado,21619.78,Capital Federal,Palermo,304248120
213,Samsung s8,Samsung Galaxy S8 Plus 64gb 6.2' Nuevo Modelo Envio Gratis!,31999.0,Capital Federal,capital federal,128885
214,Samsung s8,Samsung Galaxy S8 Bueno Negro Personal,19112.0,Capital Federal,Palermo,304248120
215,Samsung s8,Samsung Galaxy S8 Plus G955cbe 64gb 4g + Cover De Regalo,35839.0,Buenos Aires,La Plata,305886472
216,Samsung s8,Rosario Celular Samsung S8+ Sm-g955f 64gb-4gb,36729.99,Santa Fe,Rosario,140019183
217,Samsung s8,Samsung Note 8 Para Repuesto,13400.0,Buenos Aires,Garin,31864362
218,Samsung s8,"S8 Plus , Para Movistar",16000.0,Capital Federal,Recoleta,250967671
219,Samsung s8,"Telefono Movil Samsung Galaxy S8 64gb Liberado Ee.uu., Negro",23651.73,Buenos Aires,Avellaneda,282791920
220,Samsung s8,Smartphone Samsung Galaxy S8 Plus 64gb 4gb Ram Gtia-experts,45420.0,Capital Federal,Capital Federal,188194030
221,Samsung s8,Samsung S8 Plus,19000.0,Cordoba,villa carlos paz,185259641
222,Samsung s8,Samsung Galaxy S8 Muy Bueno Orchid Gray Liberado,21619.78,Capital Federal,Palermo,304248120
223,Samsung s8,Celular Libre Samsung Galaxy S8+ Plus Negro O Plateado,36998.0,Buenos Aires,Lanus Este,84488765
224,Samsung s8,Celular Samsung Galaxy S8 Plus 64 Gb Usado Para Reparar,15500.0,Capital Federal,Belgrano,103182865
225,Samsung s8,Samsung S8+ Plus 64gb 4g Libre Arg Sm-955u /u1 Ver Fotos Fan,20399.0,Capital Federal,Ciudad de buenos aires BELGRANO,437271
226,Samsung s8,Samsung Galaxy S8 Plus,12000.0,Santa Fe,Santa Fe,320688868
227,Samsung s8,Samsung S8 By Samsung Made In Vietnam Leer Descripcion,4800.0,Buenos Aires,Hurlingham,336050562
228,Samsung s8,Celular Samsung S8 64gb 4g Lte Led 5.8 2 Camaras Garantia,26989.99,Capital Federal,Palermo Soho,333535949
229,Samsung s8,Samsung Galaxy S8 Plus 64gb,17500.0,Capital Federal,Cp,257875170
230,Samsung s8,Samsung Galaxy S8 Sm-g950f Refabricado Outlet 64gb 4gb Ram ,21999.0,Capital Federal,Belgrano,284824585
231,Samsung s8,Samsung Galaxy S8+,16600.0,Misiones,Puerto Esperanza,284510415
232,Samsung s8,Celular Libre Samsung Galaxy S8 Plata,38900.0,Capital Federal,Mataderos,236167730
233,Samsung s8,Samsung S8+ Plus 64gb 4g Libre Arg Sm-955u /u1 Notredame,21999.0,Capital Federal,Ciudad de buenos aires BELGRANO,437271
234,Samsung s8,Samsung S 8 + Plus 64 Gb  Originales Nuevos (negros) Cuotas ,70000.0,Capital Federal,Balvanera,10555379
235,Samsung s8,Celular Samsung Galaxy S8 Plus Libre Reacondicionado  ,23999.0,Cordoba,Cordoba,212011454
236,Samsung s8,Samsung Galaxy S8 Bueno Azul_ Liberado,19112.0,Capital Federal,Palermo,304248120
237,Samsung s8,Samsung S 8 + Plus  Pantalla 6.2 Nuevos  Paga Tarjeta Aqui,70000.0,Capital Federal,Balvanera,10555379
238,Samsung s8,Samsung A30 Reemplaza A7 S8 S8 Plus 64gb 4gb Ram 4000mah Cba,16500.0,Cordoba,Cordoba,29556546
239,Samsung s8,Samsung S8 G950f 64gb - Libre. Vidrio Reemplazado. Leer,12500.0,Buenos Aires,Paso del Rey,77971362
240,Samsung s8,Samsung Galaxy S8 Plus G955fd 64gb. Galaxy S8+ 4gb Ram 12mp,33099.0,Buenos Aires,San Justo,143834751
241,Samsung s8,Samsung S 8 Plus  64 Gb Consulta Color  Nuevos Originales,70000.0,Capital Federal,Balvanera,10555379
242,Samsung s8,Samsung A30 Reemplaza A7 S8 S8 Plus 64gb 4gb Ram 4000mah Cba,19500.0,Cordoba,Cordoba,29556546
243,Samsung s8,Samsung Galaxy S8 Plus G955 64gb Libre 4g Nuevo Cuotas,32999.99,Capital Federal,Belgrano,284824585
244,Samsung s8,Samsung Galaxy S8 64 Gb Negro Liberado  Como Nuevo!,20999.0,Buenos Aires,VICENTE LOPEZ,12312876
245,Samsung s8,"Caja Solamen Samsung Galaxy S8,con Funda Original. Excelente",1500.0,Capital Federal,caba,170196245
246,Samsung s8,Samsung S8+ (plus)+funda De Regalo! Nuevos - Libres,33499.0,Santa Fe,Rosario,245100675
247,Samsung s8,Samsung S 8 + Plus  64 Gb Originales 4 G Libres (black),70000.0,Capital Federal,Balvanera,10555379
248,Samsung s8,Samsung S8 Plus - 64 Gb - Libre - Burzaco,28999.99,Buenos Aires,Burzaco,21898084
249,Samsung s8,Samsung Galaxy S8 Plus G955 Nuevo 64gb 4gb Ram Liberado,47999.99,Capital Federal,Belgrano,309453406
250,Samsung s8,Samsung S8 Plus - 64 Gb - Libre - Burzaco,34999.99,Buenos Aires,Burzaco,21898084
251,Samsung s8,"Samsung S8 + Plus 6,2  Nuevos Sin Recargo Consulta Colores",70000.0,Capital Federal,Balvanera,10555379
252,Samsung s8,Samsung S8 Plus - 64 Gb - Libre - Burzaco,34999.99,Buenos Aires,Burzaco,21898084
253,Samsung s8,Samsung S8 Plus Libre De Fabrica,13000.0,Buenos Aires,Moreno,22571795
254,Samsung s8,Celular Libre Samsung Galaxy S8 Plus,32499.0,Buenos Aires,Jose Leon Suarez,235733824
255,Samsung s8,Samsung Galaxy S8 Plus 64gb Nuevo Garantia Local,28749.0,Capital Federal,Microcentro,12911088
256,Samsung s8,Samsung S8 64 Gb Nuevo En Caja Sellado Con Garantia,18000.0,Capital Federal,Palermo,377514406
257,Samsung s8,Samsung Galaxy S8 Refabricado Plateado Liberado,25382.08,Capital Federal,Palermo,304248120
258,Samsung s8,Samsung S8+  G955f Dual 64gb 4g Nuevo Sellado  _8,29618.14,Santa Fe,Rosario,325038773
259,Samsung s8,Samsung Galaxy S8 Bueno Negro Claro,19112.0,Capital Federal,Palermo,304248120
260,Samsung s8,Actualizacion Android Oreo 8.0 Samsung Galaxy S8,300.0,Buenos Aires,La Plata,292591563
261,Samsung s8,Samsung S8,6000.0,Buenos Aires,San Isidro,44627242
262,Samsung s8,Samsung S8 Plus. Libres No Comprar Sin Consultar !,24100.0,Buenos Aires,Moron,149082478
263,Samsung s8,Samsung Galaxy S8 Plus 6.2p 64 Gb Ram 4gb 12/8 Mpx Huella 4k,31150.0,Capital Federal,Barracas,78008144
264,Samsung s8,Celular Samsung S8 64gb,15000.0,Cordoba,Cordoba,61324083
265,Samsung s8,Samsung S8 + Plus (consulta Color) Sin Interes  Nuevos,70000.0,Capital Federal,Caballito,3232855
266,Samsung s8,Samsung J8 32gb Precio Contado Se Charla No A8 S8,20000.0,Buenos Aires,vtelopez,1410105
267,Samsung s8,Samsung S8 64gb 4gb Ram 4k Vidrio Astillado Apenas Borde ,12999.99,Capital Federal,Almagro,171558006
268,Samsung s8,Samsung Galaxy S8 5.8p 64 Gb 4gb Ram Dual Cam 12mpx Huella,29839.89,Capital Federal,Barracas,78008144
269,Samsung s8,Samsung Galaxy S8 64gb Astilla,12999.0,Capital Federal,congreso,153618344
270,Samsung s8,Samsung Galaxy S8 Plus Dual Sim 6.2  64gb 12mp/8mp Sellado,31500.0,Misiones,puerto iguazu,126900881
271,Samsung s8,Samsung S8  G950f Dual 64gb 4g Nuevo Sellado  _8,27988.88,Santa Fe,Rosario,325038773
272,Samsung s8,Celular Samsung Galaxy S8+ 64gb Gsm Desbloqueado Internacion,24156.23,Buenos Aires,Avellaneda,282791920
273,Samsung s8,Samsung Galaxy S8 Plus 6.2p 64 Gb Ram 4gb 12/8 Mpx Huella 4k,35900.0,Capital Federal,Barracas,78008144
274,Samsung s8,Samsung S8,8000.0,Buenos Aires,Ituzaingo,332813751
275,Samsung s8,Vendo O Permuto A8 Plus Libre Dual Sim 4g Lte Por Ps4 ,13999.0,Capital Federal,Floresta,246181857
276,Samsung s8,Samsung Galaxy S8 Bueno Negro Liberado,19287.0,Capital Federal,Palermo,304248120
277,Samsung s8,Celular Samsung S8 Plus Libre Reacondicionado  + Vt + Funda,24799.0,Cordoba,Cordoba,212011454
278,Samsung s8,Samsung Galaxy S8 Bueno Blanco Liberado,19112.0,Capital Federal,Palermo,304248120
279,Samsung s8,Samsung Galaxy S8 Plus Bueno Plateado Movistar,20199.0,Capital Federal,Palermo,304248120
280,Samsung s8,"Samsung S8 Con Detalle En La Pantalla, Funciona Perfecto",10500.0,Buenos Aires,moron,42145203
281,Samsung s8,Samsung Galaxy S8+ Plus 6.2 64gb 4gb Libres +garantia+envios,36999.0,Buenos Aires,Martinez,84564565
282,Samsung s8,Samsung Galaxy S8+ Plus Dorado / Liberado / Usado + Cover,23999.0,Capital Federal,CABA,19536340
283,Samsung s8,"S8 - Usado Pero En Perfecto Estado, Funda Original Samsung N",23999.0,Cordoba,Cordoba,194643
284,Samsung s8,Samsung  Galaxy S8  Negro  Sm-g950f  Exc Estado ,23999.0,Buenos Aires,LUIS GUILLON,165494835
285,Samsung s8,Samsung Galaxy S8 Plus Rosa  Usado Perfecto Estado ,22800.0,Capital Federal,Belgrano R,239497799
286,Samsung s8,Samsung Galaxy S8 Muy Bueno Plateado Liberado,21619.78,Capital Federal,Palermo,304248120
287,Samsung s8,Samsung Galaxy S8 Plus 6.2  64gb Garantia Liberados!,30135.0,Capital Federal,microcentro,237927305
288,Samsung s8,Samsung Galaxy S8 Plus Refabricado Negro Liberado,26774.0,Capital Federal,Palermo,304248120
289,Samsung s8,Samsung S8 Completo En Caja Permuto Note 8 /xiaomi. Detalle,18000.0,Capital Federal,pompeya,83938945
290,Samsung s8,Samsung S8 Plus 64gb Nuevo En Caja Liberado Stock Ya !!!,39000.0,Cordoba,Cordoba,197635174
291,Samsung s8,Celular Samsung Galaxy S8 Liberado 64gb 4gb Ram Orchid Gray,18900.0,Buenos Aires,Monte Grande (centro),66057784
292,Samsung s8,Samsung Galaxy S8 Bueno Negro Movistar,19112.0,Capital Federal,Palermo,304248120
293,Samsung s8,Samsung Galaxy S8 Bueno Gold Liberado,19112.0,Capital Federal,Palermo,304248120
294,Samsung s8,Samsung Galaxy S8 64gb C/ Vidrio Roto / Funciona Perfecto,8500.0,Buenos Aires,olivos,29100470
295,Samsung s8,Samsung Galaxy S8 Plus Bueno Gold Liberado,20199.0,Capital Federal,Palermo,304248120
296,Samsung s8,Samsung Galaxy S8 Plus Dual Sim Muy Bueno Violeta Liberado,22829.0,Capital Federal,Palermo,304248120
297,Samsung s8,Samsung Galaxy S8 Plus 4g Nuevo Libre Cn Gtia Envios!,37900.0,Cordoba,Cordoba,189765251
298,Samsung s8,Samsung Galaxy S8 Plus 64gb Maple Gold Dual Sim Libre,30500.0,Buenos Aires,General San Martin,68837226
299,Samsung s8,Samsung Galaxy S8 Plus Bueno Negro Movistar,20199.0,Capital Federal,Palermo,304248120
300,Moto X Style,Motorola Moto X Style Xt1572 32gb 3gb Ram Libre Original,10999.0,Capital Federal,C.A.B.A.,119914491
301,Moto X Style,Celular Motorola Moto X Style Xt1572 32gb 5 Mpx Liberado,10999.99,Capital Federal,Belgrano,284824585
302,Moto X Style,Celular Moto X Stylus Bambu White 32gb 4gb Ram Nuevo 0km,26000.0,Capital Federal,San Telmo,91813348
303,Moto X Style,Motorola Moto X Style Xt1572 32gb 3gb Ram Cuotas Oferta,12499.0,Capital Federal,C.A.B.A.,119914491
304,Moto X Style,Motorola Moto X Style Xt1572 32gb 3gb Ram Liberado Nuevo,10499.99,Capital Federal,Belgrano,309453406
305,Moto X Style,Motorola Moto X Style Bueno Negro Liberado,9113.0,Capital Federal,Palermo,304248120
306,Moto X Style,Celular Liberado Motorola Moto X Style Xt1572 32gb 3gb Ram ,12499.99,Capital Federal,Belgrano,284824585
307,Moto X Style,Motorola Stylus 32gb 4g Nuevo Claro Lcd 5 Pulgadas Nuevo Oem,15000.0,Capital Federal,Buenos Aires,273324593
308,Moto X Style,Celular Motorola Moto X Style Xt1572 32gb 3gb Ram Liberado,11999.99,Capital Federal,Belgrano,309453406
309,Moto X Style,Celular Moto X Stylus Bambu Edition Blanco Mp3 Nuevo En Caja,25000.0,Capital Federal,Buenos Aires,273324593
310,Moto X Style,Celular Moto X Stylus Bambo Blanco Display 5 Nuevo En Caja,22000.0,Capital Federal,San Telmo,91813348
311,Moto X Style,Motorola Stylus 32gb 4g Nuevo Personal Lcd 5 Pulgadas Nuevo,14999.0,Capital Federal,Buenos Aires,273324593
312,Moto X Style,Motorola Moto X Style 16gb Liberado (leer Bien),5999.0,Buenos Aires,san andres,87136421
313,Moto X Style,Moto X Style O Pure Xt1575 Con Detalle,3500.0,La Pampa,General Pico,89656510
314,Moto X Style,Moto X Pure Style Bamboo Xt1572 Libre 4g Arg 32gb Notredame,8999.0,Capital Federal,Ciudad de buenos aires BELGRANO,437271
315,Moto X Style,Moto X Pure Edition 32gb Xt1575,7800.0,Capital Federal,microcentro,491201
316,Moto X Style,Celular Libre Moto X Stylus 32gb 4g Color Gris Bambu Nuevo,15000.0,Capital Federal,Buenos Aires,273324593
317,Moto X Style,Motorola Moto X Style (modulo Roto),3300.0,Buenos Aires,La Matanza,201698054
318,Moto X Style,Moto X 2017 32gb 4g Bambo Stylus Pure Edition Nuevo Oem,15000.0,Capital Federal,San Telmo,151389331
319,Moto X Style,Celular Moto X X2 Pure Stylus 16gb Tapa Negra Funda Lila,12000.0,Capital Federal,San Telmo,140491531
320,Moto X Style,Celular Motorola Xt1570 X2 16gb 4g Motox Edition Negro Style,6811.0,Capital Federal,San Telmo,151389331
321,Moto X Style,Celular Moto X X2 Xt1575 Stylus Pure Edition 4g Cam 21 Mpx,12000.0,Capital Federal,San Telmo,140491531
322,Moto X Style,Celular Moto X X2 Xt1575 Pure Stylus 16gb El Mejor De Todos,12000.0,Capital Federal,San Telmo,140491531
323,Moto X Style,Motorola Moto X2 Pure Bambu Usado 16gb 4g Camara 20mp Xt1575,12000.0,Capital Federal,San Telmo,140491531
324,Moto X Style,Motorola Moto X X2 Pure Stylus 32gb 4g Camara 21mp Xt1572,25000.0,Capital Federal,San Telmo,140491531
325,Moto X Style,Motorola Moto X X2 Xt1575 Pure Stylus 16gb Hexa-core 3gb Ram,12000.0,Capital Federal,San Telmo,140491531
326,Moto X Style,Motorola Xt1575 Moto X 2a X2 16gb 4g Edicion Pure Edition,6507.55,Capital Federal,San Telmo,151389331
327,Moto X Style,Celular Moto X Pure Mp3 Nuevo Oem Edicion Limitada Bambu 4g,15000.0,Capital Federal,San Telmo,151389331
328,Moto X Style,Celular Motorola X2 Moto X Pure Edition Style Xt1572 Violeta,6803.0,Capital Federal,San Telmo,151389331
329,Moto X Style,Motorola Moto X Stylus 4g Bambu Blanco 32gb 4g Oem Sin Caja,15000.0,Capital Federal,San Telmo,151389331
330,Moto X Style,Celular Moto X X2 Xt1575 Stylus Pure Edition 4g Cam 20 Mpx,15000.0,Capital Federal,San Telmo,140491531
331,Moto X Style,Celular Moto X X2 Pure Styl 16gb Pantala Grande Xt1571 Libre,15000.0,Capital Federal,San Telmo,140491531
332,Moto X Style,Celular Moto X X2 Xt1574 Stylus Pure Edition 4g Color Negro,12000.0,Capital Federal,San Telmo,140491531
333,Moto X Style,Celular Motorola X2 Xt1572 16gb 4g Moto X Black Stylus,6502.0,Capital Federal,San Telmo,151389331
334,Moto X Style,Celular Moto X X2 Stylus Xt1570 4g Cam 21 Mpx Pure Edition,25000.0,Capital Federal,San Telmo,140491531
335,Moto X Style,Motorola Moto X X2 Xt1572 16gb Hexa-core 3gb Ram Pure Stylus,15000.0,Capital Federal,San Telmo,140491531
336,Moto X Style,Motorola Moto X X2 Xt1572 16gb Hexacore 3gb-ram Stylus Negro,12000.0,Capital Federal,San Telmo,140491531
337,Moto X Style,Motorola Moto X 2a Gen Xt1572 Pure Edition Negro Modelo4,12000.0,Capital Federal,San Telmo,140491531
338,Moto X Style,Moto X 2017 32gb 4g Bambo Stylus Pure Edition Gold Version,11999.99,Capital Federal,San Telmo,151389331
339,Moto X Style,Celular Moto X X2 Xt1575 Pure Stylus 16gb 4g Gps Muy Rapido,12000.0,Capital Federal,San Telmo,140491531
340,Moto X Style,Motorola Moto X 2a Gen Xt1575 16gb 4g Edicion Pure Usado,6999.0,Capital Federal,San Telmo,140491531
341,Moto X Style,Motorola Moto X X2 Pure Stylus 16gb 4g Camara 23mp Xt1575,15000.0,Capital Federal,San Telmo,140491531
342,Moto X Style,Celular Moto X Pure Stylus 32gb 4g Bambu Nuevo Oem Sin Caja,15000.0,Capital Federal,San Telmo,151389331
343,Moto X Style,Celular Moto X1059 Bambu Libre Oem 32gb Stylus Pure Edition,13999.0,Capital Federal,San Telmo,151389331
344,Moto X Style,Moto X 2017 32gb 4g Bambo Stylus Pure Edition Oem Suelto Mp3,13999.0,Capital Federal,San Telmo,151389331
345,Moto X Style,Celular Moto X X2 Stylus Xt1572 Pure Edition 4g Cam 22 Mpx,15000.0,Capital Federal,San Telmo,140491531
346,Moto X Style,Celular Motorola Xt1575 X2 16gb 4g Moto X Edition Style Pure,8000.0,Capital Federal,San Telmo,151389331
347,Moto X Style,Celular Moto X Pure Stylus Edition Blanco Bambu 32gb Nuevo,18999.0,Capital Federal,San Telmo,151389331
348,Moto X Style,Motorola Moto X 2a Gen Xt1572 16gb 4g Edicion Pure Stylus,6806.0,Capital Federal,San Telmo,151389331
349,Moto X Style,Motorola Moto X X2 Pure Stylus Edition 16gb 4g Camara 20mp,12000.0,Capital Federal,San Telmo,140491531
350,Moto X Style,Celular Moto X Bambu Stylus Pure Edition Blanco Nuevo 0km,26001.56,Capital Federal,San Telmo,91813348
351,Moto X Style,Motorola Moto X Stylus 4g Bambu Blanco 32gb 4g Nuevo Suelto,15000.0,Capital Federal,San Telmo,151389331
352,Moto X Style,Motorola Moto X 2 Generacion Xt1575 32gb Liberado 4g Bamboo,20000.0,Capital Federal,San Telmo,151389331
353,Moto X Style,Celular Moto X 3 Generacion Stylus 4g Bambo Bambu Madera New,15000.0,Capital Federal,San Telmo,151389331
354,Moto X Style,Celular Moto X X2 Stylus Xt1572 Pure Edition 4g Nuevo 0km,23000.0,Capital Federal,San Telmo,140491531
355,Moto X Style,Motorola Moto X X2 Pure Stylus 16gb 4g Camara 20mp Nuevo 0km,23000.0,Capital Federal,San Telmo,140491531
356,Moto X Style,Motorola Moto X X2 Pure Stylus 16gb Hexacore 3gb Ram Xt1570,15000.0,Capital Federal,San Telmo,140491531
357,Moto X Style,Celular Motorola Xt1572 X2 4g 16gb Moto X Edition Pure Black,6814.14,Capital Federal,San Telmo,151389331
358,Moto X Style,Celular Motorola Moto X Edition Pure  Xt1570 X2 4g 16gb Ver3,6999.0,Capital Federal,San Telmo,151389331
359,Moto X Style,Celular Moto X X2 Pure Stylus 16gb El Mejor De Todos Xt1570,12000.0,Capital Federal,San Telmo,140491531
360,Moto X Style,Motorola Moto X 2da Gen Xt1575 16gb 4g Pure Edition Libre,6505.0,Capital Federal,San Telmo,151389331
361,Moto X Style,Celular Moto X X2 Xt1573 Stylus Pure Bambu 4g Con Detalles,12000.0,Capital Federal,San Telmo,140491531
362,Moto X Style,Celular Moto X X2 Xt1572 Stylus Edition16gb 4g Gps Leer Todo,12000.0,Capital Federal,San Telmo,140491531
363,Moto X Style,Celular Motorola Xt1573 St 16gb 4g Moto X Edition Style Pure,7999.24,Capital Federal,San Telmo,151389331
364,Moto X Style,Celular Moto X X2 Xt1575 Pure Stylus 16gb 4g Ultra Rapido,12000.0,Capital Federal,San Telmo,140491531
365,Moto X Style,Motorola Moto X X2 Xt1574 Negro Stylus 16gb Hexacore 2gb Ram,12000.0,Capital Federal,San Telmo,140491531
366,Moto X Style,Celular Motorola Moto X X2 Xt1572 16gb 4g Style Pure Marron,6503.0,Capital Federal,San Telmo,151389331
367,Moto X Style,Motorola Moto X X2 Xt1570 16gb Hexa-core 3gb Ram Stylus Pure,12000.0,Capital Federal,San Telmo,140491531
368,Moto X Style,Motorola Moto X X2 Pure Stylus 16gb 4g Camara 21mp Xt1572,15000.0,Capital Federal,San Telmo,140491531
369,Moto X Style,Motorola Moto X X2 Xt1575 Pure Stylus 16gb 4g Camara 21mp,12000.0,Capital Federal,San Telmo,140491531
370,Moto X Style,Motorola Moto X2da-gen Xt1573 16gb 4g Style Pure 3gb Ram,6806.0,Capital Federal,San Telmo,151389331
371,Moto X Style,Celular Moto X X2 Xt1575 Pure Stylus 16gb 4g Bateria Dura Ok,12000.0,Capital Federal,San Telmo,140491531
372,Moto X Style,Celular Moto X X2 Stylus Xt1572 4g Mp3 Mp4 Pure Edition Gris,12000.0,Capital Federal,San Telmo,140491531
373,Moto X Style,Motorola Moto X X2 Pure Stylus 16gb 4g Camara 20mp Xt1573,12000.0,Capital Federal,San Telmo,140491531
374,Moto X Style,Celular Moto X Pure Bambo Edition White Mp3 Nuevo En Caja,20000.0,Capital Federal,San Telmo,151389331
375,Moto X Style,Celular Moto X Pure Styl Edition White Bambo 32gb Nuevo,22000.0,Capital Federal,San Telmo,151389331
376,Moto X Style,Motorola Moto X2 Pure Bambu White 32gb 4g Camara 20mp Xt1575,22000.0,Capital Federal,San Telmo,140491531
377,Moto X Style,Motorola Moto X 2a Gen Xt1575 16gb 4g Edicion Pure Edition,6506.0,Capital Federal,San Telmo,151389331
378,Moto X Style,Motorola Moto X X2 Xt1575 Pure Stylus 16gb 3gb Ram Hexacore,15000.0,Capital Federal,San Telmo,140491531
379,Moto X Style,Motorola Moto X X2 Pure Stylus 16gb Black 3gb Ram Xt1572,12000.0,Capital Federal,San Telmo,140491531
380,Moto X Style,Motorola Moto X X2 Xt1571 Pure Stylus 16gb 4g Modelo3 Gris,12000.0,Capital Federal,San Telmo,140491531
381,Moto X Style,Celular Motorola X2 Moto X Pure Edition Styl Limitado Xt1572,6807.0,Capital Federal,San Telmo,151389331
382,Moto X Style,Celular Moto X Stylus 32gb Lte 4g Ram 3gb 8core 2.2ghz Nuevo,18000.0,Capital Federal,San Telmo,151389331
383,Moto X Style,Celular Moto X X2 Stylus Xt1571 Pure Version 4g Color Gris,12000.0,Capital Federal,San Telmo,140491531
384,Moto X Style,Celular Moto X X2 Xt1572 Pure Stylus 16gb El Mejor De Todos,12000.0,Capital Federal,San Telmo,140491531
385,Moto X Style,Motorola Moto X X2 Xt1575 Pure Stylus 16gb 4g Camara 25mp,12000.0,Capital Federal,San Telmo,140491531
386,Moto X Style,Celular Moto X X2 Xt1575 Pure Stylus 16gb 4g Gps Mp3 Mp4,15000.0,Capital Federal,San Telmo,140491531
387,Moto X Style,Motorola Moto X X2 Pure Stylus 16gb Camara 20mp 4g Xt1570,12000.0,Capital Federal,San Telmo,140491531
388,Moto X Style,Celular Motorola Moto X Xt1572 16gb 4g Style No Anda Camara,8500.0,Capital Federal,San Telmo,151389331
389,Moto X Style,Celular Moto X Pure Mp3 Nuevo En Caja Edicion Limitada Bambu,20000.0,Capital Federal,San Telmo,151389331
390,Moto X Style,Celular Motorola Moto X Stylus 32gb Pure Nuevo En Caja Libre,23500.0,Capital Federal,San Telmo,140491531
391,Moto X Style,Celular Moto X X2 Xt1570 4g 21 Mp Pure Edition Stylus Negro,25000.0,Capital Federal,San Telmo,140491531
392,Moto X Style,Celular Moto X Bambu Pure Stylus De Madera 32gb 4g Nuevo 0km,17999.0,Capital Federal,San Telmo,151389331
393,Moto X Style,Celular Motorola X2 Moto X Stylus Mp3 Edition Limited Xt1573,6806.0,Capital Federal,San Telmo,151389331
394,Moto X Style,Motorola Moto X Stylus 4g Bambu Blanco 32gb 4g Con Cargador,15000.0,Capital Federal,San Telmo,151389331
395,Moto X Style,Celular Motorola Xt1571 X2 4g 16gb Moto X Stylus Pantalla 5,6799.99,Capital Federal,San Telmo,151389331
396,Moto X Style,Celular Moto X X2 Xt1570 16gb 4g Ultra Rapido Pure Stylus,12000.0,Capital Federal,San Telmo,140491531
397,Moto X Style,Celular Motorola Xt1575 X2 16gb 4g Moto X Edition Pure Negro,7813.13,Capital Federal,San Telmo,151389331
398,Moto X Style,Motorola Moto X 2a Gen Xt1575 16gb 4g Pure Edition Libre,25000.0,Capital Federal,San Telmo,140491531
399,Moto X Style,Celular Moto X X2 Xt1575 Pure Stylus 16gb 4g Gps Leer Todo,15000.0,Capital Federal,San Telmo,140491531
400,Moto X Style,Celular Moto X 32gb Lte 4g Ram 3gb 8 Core 2.2ghz Stylus Mp3,18009.0,Capital Federal,San Telmo,151389331
401,Moto X Style,Motorola Moto X Stylus 4g Tapa Bambu Blanco 32gb 4g Suelto,13999.99,Capital Federal,San Telmo,151389331
402,Moto X Style,Celular Moto X X2 Xt1575 Stylus Pure Edition 4g Con Detalles,15000.0,Capital Federal,San Telmo,140491531
403,Moto X Style,Celular Moto X X2 Motorola Xt1575 4g 16gb Pure Style V1.0,6813.0,Capital Federal,San Telmo,151389331
404,Moto X Style,Motorola Moto X Edicion Stylus 16gb Bat2800mha 4g Xt1572,22000.0,Capital Federal,San Telmo,140491531
405,Moto X Style,Celular Motorola Xt1571 X2 16gb 4g Moto X Style Pure Negro,8500.0,Capital Federal,San Telmo,151389331
406,Moto X Style,Celular Moto X Pure Stylus 32gb Bambu Nuevo En Caja Sellada,25000.0,Capital Federal,San Telmo,151389331
407,Moto X Style,Motorola Moto X Pure Edit 4g Bambu Blanco 32gb 4g Oem Suelto,13999.99,Capital Federal,San Telmo,151389331
408,Moto X Style,Motorola Moto X 2a Gen Xt1575 16gb 4g Edicion Pure Edition,22000.0,Capital Federal,San Telmo,140491531
409,Moto X Style,Celular Moto X X2 Xt1572 Stylus Pure 16gb 4g Ultra Rapido,12000.0,Capital Federal,San Telmo,140491531
410,Moto X Style,Motorola Moto X X2 Pure Stylus 16gb Hexa Core 3gb Ram Xt1575,12000.0,Capital Federal,San Telmo,140491531
411,Moto X Style,Celular Motorola Xt1575 X2 Moto X Pure Edition Style Limited,6902.0,Capital Federal,San Telmo,151389331
412,Moto X Style,Motorola Moto X 2da Gen Xt1572 16gb 4g Black Edition Style,6800.0,Capital Federal,San Telmo,151389331
413,Moto X Style,Celular Moto X Stylus Pure Version Bambu Blanco 32gb Nuevo,23000.0,Capital Federal,San Telmo,140491531
414,Moto X Style,Celular Moto X Pure Bambu Edition White Mp3 Nuevo En Caja,19999.0,Capital Federal,San Telmo,151389331
415,Moto X Style,Celular Moto X X2 Xt1574 Pure Styl Negro 16gb 4g 4gb Mp3,8514.0,Capital Federal,San Telmo,140491531
416,Moto X Style,Celular Motorola Moto Xt1571 4g 16gb Edition Pure Stylus,6799.99,Capital Federal,San Telmo,151389331
417,Moto X Style,Motorola Moto X 2a Gen Xt1572 Pure Edition Negro Nuevo 0km,25000.0,Capital Federal,San Telmo,140491531
418,Moto X Style,Celular Moto X X2 Stylus Pure Edition 4g Cam 21 Mpx Xt1572,25000.0,Capital Federal,San Telmo,140491531
419,Moto X Style,Motorola Moto X 2a Gen Xt1575 4g 16gb Edicion Pure Stylus,12000.0,Capital Federal,San Telmo,140491531
420,Moto X Style,Celular Moto X X2 Xt1575 Pure Stylus 16gb 4g Gps Super Fast,12000.0,Capital Federal,San Telmo,140491531
421,Moto X Style,Celular Motorola X2 Xt1570 - 4g Moto X Pure Styl Funda Lila,6802.0,Capital Federal,San Telmo,151389331
422,Moto X Style,Celular Motorola Moto X Styl Edition X2 Xt1572 Color Negro,7801.0,Capital Federal,San Telmo,151389331
423,Moto X Style,Celular Motorola Xt1570 X2 Moto X Pure Edition Style Black,6802.0,Capital Federal,San Telmo,151389331
424,Moto X Style,Celular Motorola Xt1572 X2 16gb 4g Moto X Style Pure White,6800.0,Capital Federal,San Telmo,151389331
425,Moto X Style,Motorola Moto X 2da Gen Xt1572 16gb 4g Style Pure Black,6806.0,Capital Federal,San Telmo,151389331
426,Moto X Style,Celular Moto X Stylus Pure Bambu Edition Blanco Nuevo 0km,23000.0,Capital Federal,San Telmo,140491531
427,Moto X Style,Motorola Moto X Stylus 4g Bambu Edition Color Blanco 32gb 4g,15000.0,Capital Federal,San Telmo,151389331
428,Moto X Style,Motorola Moto X X2 Pure Stylus 16gb 4g Color Negro Xt1571,12000.0,Capital Federal,San Telmo,140491531
429,Moto X Style,Motorola Moto X X2 Xt1575 Pure Stylus 16gb 4g Camara Nuevo,23531.7,Capital Federal,San Telmo,140491531
430,Moto X Style,Motorola Moto X 2da Gen Xt1570 16gb 4g Pure Edition Stylus,6805.0,Capital Federal,San Telmo,151389331
431,Moto X Style,Motorola Xt1575 Moto X 2a X2 16gb 4g Edicion Stylus Negro,6807.0,Capital Federal,San Telmo,151389331
432,Moto X Style,Celular Motorola X2 Xt1572 Moto X Pure Edition Color Marron,7501.0,Capital Federal,San Telmo,151389331
433,Moto X Style,Celular Motorola Moto X X2 Xt1570 16gb 4g Styl Edition Black,6803.0,Capital Federal,San Telmo,151389331
434,Moto X Style,Motorola Moto X 2da Gen Xt1575 16gb 4g Pure Edition Style,6804.0,Capital Federal,San Telmo,151389331
435,Moto X Style,Celular Motorola X2 Xt1570 16gb 4g Moto X Edition Pure Black,6803.0,Capital Federal,San Telmo,151389331
436,Moto X Style,Motorola Moto X X2 Xt1575 Pure Stylus 16gb 4g Camara 22mp,12000.0,Capital Federal,San Telmo,140491531
437,Moto X Style,Celular Moto X X2 Xt1574 Stylus Pure Edition 4g 16g Negro,22000.0,Capital Federal,San Telmo,140491531
438,Moto X Style,Motorola Moto X X3 Xt1575 32gb Hexacore 3gb-ram Stylus Bambu,22000.0,Capital Federal,San Telmo,140491531
439,Moto X Style,Celular Moto X X2 Xt1575 Pure Stylus 16gb 4g Rapido Nuevo,23000.0,Capital Federal,San Telmo,140491531
440,Moto X Style,Moto X Style Bamboo Libre,2500.0,Buenos Aires,Avellaneda,355517934
441,Moto X Style,Motorola X Style Bambu,4200.0,Buenos Aires,Pilar,148073262
442,Moto X Style,Motorola Pure 32gb 4g Nuevo Oem Libre Lcd 5 Pulgada Nuevo,14999.0,Capital Federal,Buenos Aires,273324593
443,Moto X Style,Celular Moto X Stylus Pure Edition Negro Usado 16gb 3gb Ram,8581.56,Capital Federal,San Telmo,91813348
444,Moto X Style,Celular Moto X Stilus Pure Edition Bambo White Nuevo 32gb,25014.76,Capital Federal,San Telmo,91813348
445,Moto X Style,Motorola X Bamboo 2da Generacion,2499.0,Buenos Aires,MORON,136694800
446,Moto X Style,"Motorola Styls 32gb 4g Nuevo Oem Lcd 5,1 Pulgadas Nuevo",15000.0,Capital Federal,Buenos Aires,273324593
447,Moto X Style,Motorola Styls 32gb 4g Nuevo En Caja Cerrada Consultar Stok,21999.99,Capital Federal,Buenos Aires,273324593
448,Moto X Style,Motorola Stylus 32gb 4g Nuevo Libre Lcd 5 Pulgadas Nuevo,16000.0,Capital Federal,Buenos Aires,273324593
449,Moto X Style,Motorola Style Pure Edition,6000.0,Buenos Aires,Lanus,108754202
